source_id,comp_A_reference,comp_B,sample,valid,cost,loo_score,bic_like,K,df_eff,n_overlap,error,delay_A reference,delay_B,pair_delay_B_minus_A reference
3992914344995211136,3992914344995211201,3992914344995211203,0,True,0.17791251378127346,0.17791251378127346,0.8661202714676355,7,9.453273048248569,56,,0.0,-53.02745349647358,-53.02745349647358
3992914344995211136,3992914344995211201,3992914344995211203,1,True,0.24776027700377615,0.24776027700377615,0.8924680376989169,7,9.268213025699096,58,,0.0,-23.300208493290175,-23.300208493290175
3992914344995211136,3992914344995211201,3992914344995211203,2,True,0.35014708602784855,0.35014708602784855,0.9915715659385866,7,9.055251976612222,54,,0.0,89.89974093995815,89.89974093995815
3992914344995211136,3992914344995211201,3992914344995211203,3,True,0.1558712268833352,0.1558712268833352,0.8104003198006491,7,9.15794512657614,55,,0.0,47.681098809486954,47.681098809486954
3992914344995211136,3992914344995211201,3992914344995211203,4,True,0.1844543842490817,0.1844543842490817,0.8834762552112784,7,9.486679086872366,54,,0.0,53.027453496473534,53.027453496473534
3992914344995211136,3992914344995211201,3992914344995211203,5,True,0.12666764745635375,0.12666764745635375,0.7855990477011611,7,9.378404415638759,55,,0.0,46.078844382630606,46.078844382630606
3992914344995211136,3992914344995211201,3992914344995211203,6,True,0.17818815771395483,0.17818815771395483,0.8568570378648868,7,9.39066959331571,55,,0.0,50.50151218024868,50.50151218024868
3992914344995211136,3992914344995211201,3992914344995211203,7,True,0.12903255993060206,0.12903255993060206,0.7862522026225641,7,9.266464264834688,56,,0.0,-104.75389857952317,-104.75389857952317
3992914344995211136,3992914344995211201,3992914344995211203,8,True,0.17082198937572307,0.17082198937572307,0.8751828203609688,7,9.523351329678114,55,,0.0,43.287299174461175,43.287299174461175
3992914344995211136,3992914344995211201,3992914344995211203,9,True,0.1410288511748128,0.1410288511748128,0.7878866756242129,7,9.41478445781794,58,,0.0,-0.038700664009657985,-0.038700664009657985
3992914344995211136,3992914344995211201,3992914344995211203,10,True,0.2614727564350271,0.2614727564350271,0.8996110011849794,7,9.545392892618509,58,,0.0,-31.328320802005067,-31.328320802005067
3992914344995211136,3992914344995211201,3992914344995211203,11,True,0.17027612284844032,0.17027612284844032,0.8284970035428322,7,9.376898409044154,56,,0.0,-50.90715291035698,-50.90715291035698
3992914344995211136,3992914344995211201,3992914344995211203,12,True,0.1539839567512695,0.1539839567512695,0.8399029689583238,7,9.540791337644158,55,,0.0,50.35038439857525,50.35038439857525
3992914344995211136,3992914344995211201,3992914344995211203,13,True,0.18671465689523808,0.18671465689523808,0.8198211976557065,7,9.341573162668091,58,,0.0,-31.328320802005067,-31.328320802005067
3992914344995211136,3992914344995211201,3992914344995211203,14,True,0.1500062106692428,0.1500062106692428,0.8164528304933071,7,9.375579835283258,55,,0.0,36.8703889292983,36.8703889292983
3992914344995211136,3992914344995211201,3992914344995211203,15,True,0.2026679367124983,0.2026679367124983,0.8695428212368456,7,9.499107356321202,55,,0.0,39.723404982604855,39.723404982604855
3992914344995211136,3992914344995211201,3992914344995211203,16,True,0.17911900353771476,0.17911900353771476,0.8155011117780857,7,9.208549363450816,58,,0.0,-17.867107658385617,-17.867107658385617
3992914344995211136,3992914344995211201,3992914344995211203,17,True,0.21360827897920318,0.21360827897920318,0.8462883865015607,7,9.258017183532733,58,,0.0,-18.796992481203006,-18.796992481203006
3992914344995211136,3992914344995211201,3992914344995211203,18,True,0.19258776313565318,0.19258776313565318,0.8421406736924384,7,9.340491697697713,58,,0.0,-32.404070376203116,-32.404070376203116
3992914344995211136,3992914344995211201,3992914344995211203,19,True,0.1712246363313676,0.1712246363313676,0.8192130186257821,7,9.412327723063532,58,,0.0,-31.328320802005067,-31.328320802005067
3992914344995211136,3992914344995211201,3992914344995211203,20,True,0.2933947361838836,0.2933947361838836,0.9291031525991478,7,9.176333468693727,55,,0.0,46.07879248116087,46.07879248116087
3992914344995211136,3992914344995211201,3992914344995211203,21,True,0.1643044025862359,0.1643044025862359,0.8107752456835081,7,9.393211775141532,57,,0.0,16.57376848014324,16.57376848014324
3992914344995211136,3992914344995211201,3992914344995211203,22,True,0.11001767825894279,0.11001767825894279,0.7909823072518901,7,9.450730220143347,54,,0.0,87.78913294486314,87.78913294486314
3992914344995211136,3992914344995211201,3992914344995211203,23,True,0.17415710180330227,0.17415710180330227,0.7796113976436502,7,8.802799164727139,56,,0.0,-98.40137926886,-98.40137926886
3992914344995211136,3992914344995211201,3992914344995211203,24,True,0.4046912622649707,0.4046912622649707,1.051302442727652,7,9.4152042411746,54,,0.0,50.90106898277359,50.90106898277359
3992914344995211136,3992914344995211201,3992914344995211203,25,True,0.298659159694388,0.298659159694388,0.8904104297847224,7,8.841444383678354,58,,0.0,-21.4101747962486,-21.4101747962486
3992914344995211136,3992914344995211201,3992914344995211203,26,True,0.22297745139973651,0.22297745139973651,0.8791040556660936,7,9.256052831284311,55,,0.0,50.35038439857525,50.35038439857525
3992914344995211136,3992914344995211201,3992914344995211203,27,True,0.14981108824488315,0.14981108824488315,0.7973616397930441,7,9.491844214063043,57,,0.0,10.387753028510451,10.387753028510451
3992914344995211136,3992914344995211201,3992914344995211203,28,True,0.2920477424708856,0.2920477424708856,0.9243187080144407,7,9.380980260638001,58,,0.0,-17.88835175406054,-17.88835175406054
3992914344995211136,3992914344995211201,3992914344995211203,29,True,0.28470221648134003,0.28470221648134003,0.9557559789467074,7,9.498661008049357,55,,0.0,33.421686352953564,33.421686352953564
3992914344995211136,3992914344995211201,3992914344995211203,30,True,0.20512664275200532,0.20512664275200532,0.8670511565431066,7,9.654613801805933,58,,0.0,-30.70953194649411,-30.70953194649411
3992914344995211136,3992914344995211201,3992914344995211203,31,True,0.2507179001401712,0.2507179001401712,0.9266308732658937,7,9.606659156340468,56,,0.0,-74.32271125298736,-74.32271125298736
3992914344995211136,3992914344995211201,3992914344995211203,32,True,0.14937021762681196,0.14937021762681196,0.8338154469209601,7,9.477325659195785,55,,0.0,50.38151843381476,50.38151843381476
3992914344995211136,3992914344995211201,3992914344995211203,33,True,0.23750243613938618,0.23750243613938618,0.9127511784052551,7,8.871809002858065,48,,0.0,225.05582498770684,225.05582498770684
3992914344995211136,3992914344995211201,3992914344995211203,34,True,0.23412711124433455,0.23412711124433455,0.9025651667852786,7,9.481645528968055,55,,0.0,50.50151218024868,50.50151218024868
3992914344995211136,3992914344995211201,3992914344995211203,35,True,0.12349728814012687,0.12349728814012687,0.8100244572284587,7,9.649235410531315,56,,0.0,-50.53602037677327,-50.53602037677327
3992914344995211136,3992914344995211201,3992914344995211203,36,True,0.17269221974128462,0.17269221974128462,0.7967723529234431,7,9.161576071888234,58,,0.0,-0.23285462417716404,-0.23285462417716404
3992914344995211136,3992914344995211201,3992914344995211203,37,True,0.16733816859901313,0.16733816859901313,0.8194248720519178,7,9.488571710226461,58,,0.0,-30.703700263167427,-30.703700263167427
3992914344995211136,3992914344995211201,3992914344995211203,38,True,0.23822714649741705,0.23822714649741705,0.8958058742433243,7,9.397434440380664,54,,0.0,50.916845501378525,50.916845501378525
3992914344995211136,3992914344995211201,3992914344995211203,39,True,0.12275753447130036,0.12275753447130036,0.769129512536425,7,9.149715338140986,56,,0.0,-53.038911879648666,-53.038911879648666
3992914344995211136,3992914344995211201,3992914344995211203,40,True,0.28278878567491406,0.28278878567491406,0.9601761766935466,7,9.348265932981718,55,,0.0,47.696545081890484,47.696545081890484
3992914344995211136,3992914344995211201,3992914344995211203,41,True,0.35101201207710253,0.35101201207710253,0.9538233099070603,7,8.930723642136883,58,,0.0,-31.328320802005067,-31.328320802005067
3992914344995211136,3992914344995211201,3992914344995211203,42,True,0.14753495787268892,0.14753495787268892,0.8438838138627199,7,9.560244271052234,55,,0.0,36.847138193091176,36.847138193091176
3992914344995211136,3992914344995211201,3992914344995211203,43,True,0.15875576744173187,0.15875576744173187,0.85178294637353,7,9.554606088506473,54,,0.0,71.55267380944991,71.55267380944991
3992914344995211136,3992914344995211201,3992914344995211203,44,True,0.4157487970200205,0.4157487970200205,0.9916006185127622,7,9.086731391409428,58,,0.0,-30.176156704413547,-30.176156704413547
3992914344995211136,3992914344995211201,3992914344995211203,45,True,0.22159410201198326,0.22159410201198326,0.8910622098365741,7,9.491554898083175,54,,0.0,50.916845501378525,50.916845501378525
3992914344995211136,3992914344995211201,3992914344995211203,46,True,0.12950021184343088,0.12950021184343088,0.7868660348926859,7,9.37016422477934,58,,0.0,-34.12137892925087,-34.12137892925087
3992914344995211136,3992914344995211201,3992914344995211203,47,True,0.21017253589679413,0.21017253589679413,0.8612468337234961,7,9.482512659589677,58,,0.0,-31.328320802005067,-31.328320802005067
3992914344995211136,3992914344995211201,3992914344995211203,48,True,0.11428903253358257,0.11428903253358257,0.7778444717467251,7,9.345064338972549,55,,0.0,46.07879248116087,46.07879248116087
3992914344995211136,3992914344995211201,3992914344995211203,49,True,0.19584383782759968,0.19584383782759968,0.8363807244826381,7,9.399334713075875,58,,0.0,-21.427360526242023,-21.427360526242023
3992914344995211136,3992914344995211201,3992914344995211203,50,True,0.28301436819618886,0.28301436819618886,0.8934373223901391,7,9.35063338391797,58,,0.0,-5.056715586639869,-5.056715586639869
3992914344995211136,3992914344995211201,3992914344995211203,51,True,0.2810577110019376,0.2810577110019376,0.9322912567803906,7,9.525333252515619,58,,0.0,-31.328320802005067,-31.328320802005067
3992914344995211136,3992914344995211201,3992914344995211203,52,True,0.25273890023453566,0.25273890023453566,0.9006755476379835,7,9.21438605830614,55,,0.0,50.508046490369225,50.508046490369225
3992914344995211136,3992914344995211201,3992914344995211203,53,True,0.12809697285462088,0.12809697285462088,0.8019235078730392,7,9.393772609177137,54,,0.0,105.9228042232189,105.9228042232189
3992914344995211136,3992914344995211201,3992914344995211203,54,True,0.15976901741409424,0.15976901741409424,0.83291403598711,7,9.520025086877174,55,,0.0,46.36591478696744,46.36591478696744
3992914344995211136,3992914344995211201,3992914344995211203,55,True,0.2951508590844169,0.2951508590844169,0.9109812259487061,7,9.081689646815489,58,,0.0,-10.835836766797161,-10.835836766797161
3992914344995211136,3992914344995211201,3992914344995211203,56,True,0.12255268246819209,0.12255268246819209,0.7817842808756844,7,9.462389690190978,58,,0.0,-30.17867454984918,-30.17867454984918
3992914344995211136,3992914344995211201,3992914344995211203,57,True,0.2018704809950654,0.2018704809950654,0.8794198128309372,7,8.794499708466429,48,,0.0,219.55423388460213,219.55423388460213
3992914344995211136,3992914344995211201,3992914344995211203,58,True,0.2511802171254892,0.2511802171254892,0.9164756562542902,7,9.589662698257133,55,,0.0,42.560360089314514,42.560360089314514
3992914344995211136,3992914344995211201,3992914344995211203,59,True,0.17472667402983239,0.17472667402983239,0.8132252830920103,7,9.37698963708458,58,,0.0,-30.176156704413547,-30.176156704413547
3992914344995211136,3992914344995211201,3992914344995211203,60,True,0.25968172758568203,0.25968172758568203,0.9264380616025455,7,9.470075052524507,55,,0.0,50.35038439857525,50.35038439857525
3992914344995211136,3992914344995211201,3992914344995211203,61,True,0.13689083762069235,0.13689083762069235,0.7939881121390255,7,9.224963925158391,55,,0.0,46.07879248116087,46.07879248116087
3992914344995211136,3992914344995211201,3992914344995211203,62,True,0.15035765159274891,0.15035765159274891,0.8240455074803906,7,9.3716407514388,54,,0.0,89.89974093995815,89.89974093995815
3992914344995211136,3992914344995211201,3992914344995211203,63,True,0.27778774049611515,0.27778774049611515,0.8969942955483358,7,9.40311758443832,58,,0.0,-30.703700263167427,-30.703700263167427
3992914344995211136,3992914344995211201,3992914344995211203,64,True,0.16220275546945223,0.16220275546945223,0.8417923185592964,7,9.522922976388791,55,,0.0,47.6843505980254,47.6843505980254
3992914344995211136,3992914344995211201,3992914344995211203,65,True,0.11942710380697828,0.11942710380697828,0.782193889133837,7,9.55498354723414,57,,0.0,17.768930764490076,17.768930764490076
3992914344995211136,3992914344995211201,3992914344995211203,66,True,0.16268384401562325,0.16268384401562325,0.8065020211469294,7,9.048293329515332,55,,0.0,50.50151218024868,50.50151218024868
3992914344995211136,3992914344995211201,3992914344995211203,67,True,0.16912503976173593,0.16912503976173593,0.8237515690080122,7,9.60220460459152,58,,0.0,-31.328320802005067,-31.328320802005067
3992914344995211136,3992914344995211201,3992914344995211203,68,True,0.16428476827647245,0.16428476827647245,0.8179075428108782,7,9.389290115172052,58,,0.0,-32.04223481211651,-32.04223481211651
3992914344995211136,3992914344995211201,3992914344995211203,69,True,0.21626973124227342,0.21626973124227342,0.8361598577187596,7,9.00257591002772,56,,0.0,-98.40400723073776,-98.40400723073776
3992914344995211136,3992914344995211201,3992914344995211203,70,True,0.17718573779097901,0.17718573779097901,0.8280924484357911,7,9.440590929542811,57,,0.0,17.768930764490076,17.768930764490076
3992914344995211136,3992914344995211201,3992914344995211203,71,True,0.2005370634852734,0.2005370634852734,0.8728722773752707,7,9.510291293580476,55,,0.0,36.852828671459875,36.852828671459875
3992914344995211136,3992914344995211201,3992914344995211203,72,True,0.19987713179616304,0.19987713179616304,0.8852609145468686,7,9.694379484282749,55,,0.0,48.47802903354203,48.47802903354203
3992914344995211136,3992914344995211201,3992914344995211203,73,True,0.23829163190903754,0.23829163190903754,0.8560403726584315,7,9.042873690119364,58,,0.0,-33.42336177948026,-33.42336177948026
3992914344995211136,3992914344995211201,3992914344995211203,74,True,0.2058226846500189,0.2058226846500189,0.8409105501181199,7,9.42604723441736,58,,0.0,-19.64279238100299,-19.64279238100299
3992914344995211136,3992914344995211201,3992914344995211203,75,True,0.2614415832734563,0.2614415832734563,0.9061094808465648,7,9.28433751744722,55,,0.0,37.531933771966656,37.531933771966656
3992914344995211136,3992914344995211201,3992914344995211203,76,True,0.13150911595305867,0.13150911595305867,0.7956146630973627,7,9.233195699047783,55,,0.0,50.35038439857525,50.35038439857525
3992914344995211136,3992914344995211201,3992914344995211203,77,True,0.20342663863006805,0.20342663863006805,0.8616081352802222,7,9.213777088389477,54,,0.0,98.40400723073763,98.40400723073763
3992914344995211136,3992914344995211201,3992914344995211203,78,True,0.15479001959538663,0.15479001959538663,0.8257885990274807,7,9.423494816122503,58,,0.0,-34.121708771972,-34.121708771972
3992914344995211136,3992914344995211201,3992914344995211203,79,True,0.17933954844912778,0.17933954844912778,0.8623923629827839,7,9.390568102787785,54,,0.0,50.534463605528416,50.534463605528416
3992914344995211136,3992914344995211201,3992914344995211203,80,True,0.2210126750584767,0.2210126750584767,0.9227599380387191,7,8.782721697522181,44,,0.0,-441.11322825464634,-441.11322825464634
3992914344995211136,3992914344995211201,3992914344995211203,81,True,0.15255163670797717,0.15255163670797717,0.836158939994331,7,9.584823899995584,55,,0.0,33.404939682590715,33.404939682590715
3992914344995211136,3992914344995211201,3992914344995211203,82,True,0.16569619496181542,0.16569619496181542,0.8498955367097625,7,9.578812059077242,55,,0.0,46.07879248116087,46.07879248116087
3992914344995211136,3992914344995211201,3992914344995211203,83,True,0.1084669984859869,0.1084669984859869,0.7426050370711648,7,9.099869338661307,57,,0.0,10.622440914644638,10.622440914644638
3992914344995211136,3992914344995211201,3992914344995211203,84,True,0.23563333598662317,0.23563333598662317,0.871401947723207,7,9.616814142341218,58,,0.0,-31.328320802005067,-31.328320802005067
3992914344995211136,3992914344995211201,3992914344995211203,85,True,0.1843024703261895,0.1843024703261895,0.8368399064082956,7,9.423546395863799,55,,0.0,50.35038439857525,50.35038439857525
3992914344995211136,3992914344995211201,3992914344995211203,86,True,0.2766611489674292,0.2766611489674292,0.8802110491574398,7,9.457050773214759,58,,0.0,-30.71533857502985,-30.71533857502985
3992914344995211136,3992914344995211201,3992914344995211203,87,True,0.2029489799125601,0.2029489799125601,0.8472395420589804,7,9.250970729043566,56,,0.0,-89.88676685933731,-89.88676685933731
3992914344995211136,3992914344995211201,3992914344995211203,88,True,0.2519689258468121,0.2519689258468121,0.9243339887895037,7,9.756911840680154,58,,0.0,-30.703700263167427,-30.703700263167427
3992914344995211136,3992914344995211201,3992914344995211203,89,True,0.1847622529081019,0.1847622529081019,0.8541246837327259,7,9.614170710212516,55,,0.0,47.681098809486954,47.681098809486954
3992914344995211136,3992914344995211201,3992914344995211203,90,True,0.16238360056701942,0.16238360056701942,0.797504647759449,7,9.33652007726661,58,,0.0,-19.61303234437077,-19.61303234437077
3992914344995211136,3992914344995211201,3992914344995211203,91,True,0.15725529472049835,0.15725529472049835,0.8342697043405949,7,9.49311310767308,56,,0.0,-50.92334297943465,-50.92334297943465
3992914344995211136,3992914344995211201,3992914344995211203,92,True,0.2651628956967208,0.2651628956967208,0.9142229422813875,7,9.50459561102462,58,,0.0,-31.328320802005067,-31.328320802005067
3992914344995211136,3992914344995211201,3992914344995211203,93,True,0.18318422139927595,0.18318422139927595,0.8339361926869945,7,9.269672877110423,56,,0.0,-103.35374056975563,-103.35374056975563
3992914344995211136,3992914344995211201,3992914344995211203,94,True,0.2000115925279587,0.2000115925279587,0.847745554347232,7,9.373165821574968,58,,0.0,-30.178947937332353,-30.178947937332353
3992914344995211136,3992914344995211201,3992914344995211203,95,True,0.183856246845383,0.183856246845383,0.8054019598619356,7,9.409799590553117,57,,0.0,17.768930764490076,17.768930764490076
3992914344995211136,3992914344995211201,3992914344995211203,96,True,0.10008116409901069,0.10008116409901069,0.7744070262921193,7,9.185629517615885,54,,0.0,89.89974093995815,89.89974093995815
3992914344995211136,3992914344995211201,3992914344995211203,97,True,0.25502771715675177,0.25502771715675177,0.8621559457281157,7,9.149961511571124,58,,0.0,-8.590678458549204,-8.590678458549204
3992914344995211136,3992914344995211201,3992914344995211203,98,True,0.1869190404584242,0.1869190404584242,0.8302935972516873,7,9.52828539361829,58,,0.0,-23.297547268389735,-23.297547268389735
3992914344995211136,3992914344995211201,3992914344995211203,99,True,0.2003468273394977,0.2003468273394977,0.8932197579952508,7,9.622834329176028,54,,0.0,85.23249135347824,85.23249135347824
3992914344995211136,3992914344995211201,3992914344995211203,100,True,0.19773719309304993,0.19773719309304993,0.8560141572010784,7,9.583087041172893,58,,0.0,-30.69761390615697,-30.69761390615697
3992914344995211136,3992914344995211201,3992914344995211203,101,True,0.3342166358100933,0.3342166358100933,0.9687277651023967,7,9.20513161093762,58,,0.0,-31.328320802005067,-31.328320802005067
3992914344995211136,3992914344995211201,3992914344995211203,102,True,0.19350807637270503,0.19350807637270503,0.8625621626746263,7,9.311936246395401,54,,0.0,95.04415815796747,95.04415815796747
3992914344995211136,3992914344995211201,3992914344995211203,103,True,0.18895711057801953,0.18895711057801953,0.8593862140786653,7,8.79705148801169,48,,0.0,219.55423388460213,219.55423388460213
3992914344995211136,3992914344995211201,3992914344995211203,104,True,0.22707934980479455,0.22707934980479455,0.8342240505640948,7,9.186403473126848,58,,0.0,-30.703700263167427,-30.703700263167427
3992914344995211136,3992914344995211201,3992914344995211203,105,True,0.17861709318113814,0.17861709318113814,0.8784169400831792,7,9.569633312121677,54,,0.0,89.89974093995815,89.89974093995815
3992914344995211136,3992914344995211201,3992914344995211203,106,True,0.15214974720264363,0.15214974720264363,0.8420502631581994,7,9.532451836785276,55,,0.0,30.87933522535236,30.87933522535236
3992914344995211136,3992914344995211201,3992914344995211203,107,True,0.28373829382852184,0.28373829382852184,0.942759274993576,7,9.41749880283678,54,,0.0,105.9228042232189,105.9228042232189
3992914344995211136,3992914344995211201,3992914344995211203,108,True,0.1496839745567893,0.1496839745567893,0.822324946114602,7,9.518128034720384,56,,0.0,-53.02745349647358,-53.02745349647358
3992914344995211136,3992914344995211201,3992914344995211203,109,True,0.23893829403295347,0.23893829403295347,0.8977538139740656,7,9.303451738998788,55,,0.0,46.07879248116087,46.07879248116087
3992914344995211136,3992914344995211201,3992914344995211203,110,True,0.4156039898110812,0.4156039898110812,1.0164108359165505,7,9.110577839896667,58,,0.0,-17.88917562373407,-17.88917562373407
3992914344995211136,3992914344995211201,3992914344995211203,111,True,0.22503954465635828,0.22503954465635828,0.867581505809137,7,9.436574576509475,58,,0.0,-30.700061855850834,-30.700061855850834
3992914344995211136,3992914344995211201,3992914344995211203,112,True,0.22316545205262567,0.22316545205262567,0.8961151986522555,7,9.344454942107273,55,,0.0,50.50151218024868,50.50151218024868
3992914344995211136,3992914344995211201,3992914344995211203,113,True,0.23386113466548333,0.23386113466548333,0.8755713169637326,7,9.522467825929617,58,,0.0,-23.297547268389735,-23.297547268389735
3992914344995211136,3992914344995211201,3992914344995211203,114,True,0.21945520720613157,0.21945520720613157,0.8537065089129586,7,9.469706904404635,58,,0.0,-37.531933771966706,-37.531933771966706
3992914344995211136,3992914344995211201,3992914344995211203,115,True,0.22767707675471577,0.22767707675471577,0.8969957848429113,7,9.569591024636178,56,,0.0,-53.02745349647358,-53.02745349647358
3992914344995211136,3992914344995211201,3992914344995211203,116,True,0.13216316131483763,0.13216316131483763,0.8041966335735735,7,9.459349214876779,55,,0.0,45.87139174724363,45.87139174724363
3992914344995211136,3992914344995211201,3992914344995211203,117,True,0.2656174782271012,0.2656174782271012,0.8854734482564105,7,9.209370449948048,58,,0.0,-8.29724347280264,-8.29724347280264
3992914344995211136,3992914344995211201,3992914344995211203,118,True,0.16290946237553214,0.16290946237553214,0.840302834488192,7,9.599745079493738,55,,0.0,33.38444423543086,33.38444423543086
3992914344995211136,3992914344995211201,3992914344995211203,119,True,0.16308156777342706,0.16308156777342706,0.8305619045718792,7,9.55977323524251,55,,0.0,47.681098809486954,47.681098809486954
3992914344995211136,3992914344995211201,3992914344995211203,120,True,0.13551786925012885,0.13551786925012885,0.8238154545102598,7,9.37510212864997,54,,0.0,53.02515726036317,53.02515726036317
3992914344995211136,3992914344995211201,3992914344995211203,121,True,0.1731902167476424,0.1731902167476424,0.8371355505223709,7,9.479895262175628,55,,0.0,33.38444423543086,33.38444423543086
3992914344995211136,3992914344995211201,3992914344995211203,122,True,0.14795723937194502,0.14795723937194502,0.8547498538544289,7,9.710594151807964,55,,0.0,46.073487287679406,46.073487287679406
3992914344995211136,3992914344995211201,3992914344995211203,123,True,0.13609432808854863,0.13609432808854863,0.7854236035247186,7,9.398504302097269,58,,0.0,-30.176156704413547,-30.176156704413547
3992914344995211136,3992914344995211201,3992914344995211203,124,True,0.2179025736209491,0.2179025736209491,0.8681040868860581,7,9.524165583157131,58,,0.0,-23.297547268389735,-23.297547268389735
3992914344995211136,3992914344995211201,3992914344995211203,125,True,0.24824019653369697,0.24824019653369697,0.9234841150702818,7,9.463180319370025,55,,0.0,29.716339496009788,29.716339496009788
3992914344995211136,3992914344995211201,3992914344995211203,126,True,0.1424086260326675,0.1424086260326675,0.7661693657291749,7,9.268556702258646,58,,0.0,-0.019458772024699107,-0.019458772024699107
3992914344995211136,3992914344995211201,3992914344995211203,127,True,0.13415676746029964,0.13415676746029964,0.77333615262508,7,9.190950248505231,58,,0.0,-17.90860016298843,-17.90860016298843
3992914344995211136,3992914344995211201,3992914344995211203,128,True,0.24047071899460193,0.24047071899460193,0.9176247031050839,7,8.977203008653111,48,,0.0,219.55423388460213,219.55423388460213
3992914344995211136,3992914344995211201,3992914344995211203,129,True,0.21209359534113917,0.21209359534113917,0.8475127699382282,7,9.36349057302572,56,,0.0,-98.40400723073776,-98.40400723073776
3992914344995211136,3992914344995211201,3992914344995211203,130,True,0.13977452136188973,0.13977452136188973,0.8142129992447831,7,9.406181371175721,54,,0.0,98.1779441137338,98.1779441137338
3992914344995211136,3992914344995211201,3992914344995211203,131,True,0.24484432252724603,0.24484432252724603,0.8670435949791606,7,9.40847543901606,58,,0.0,-30.176156704413547,-30.176156704413547
3992914344995211136,3992914344995211201,3992914344995211203,132,True,0.1731045252289842,0.1731045252289842,0.8180121657617335,7,9.385843186600873,58,,0.0,-30.173855947155165,-30.173855947155165
3992914344995211136,3992914344995211201,3992914344995211203,133,True,0.1633556271786172,0.1633556271786172,0.8165867627393408,7,9.193741499476348,55,,0.0,46.07879248116087,46.07879248116087
3992914344995211136,3992914344995211201,3992914344995211203,134,True,0.31130715101538786,0.31130715101538786,0.9606447808171618,7,9.459792014645053,54,,0.0,50.530220833649594,50.530220833649594
3992914344995211136,3992914344995211201,3992914344995211203,135,True,0.11269365491039596,0.11269365491039596,0.7741281505916301,7,9.537306959662812,58,,0.0,-30.721793412533476,-30.721793412533476
3992914344995211136,3992914344995211201,3992914344995211203,136,True,0.2477959373481516,0.2477959373481516,0.8647243404286373,7,9.239297467554549,58,,0.0,-17.89479877563425,-17.89479877563425
3992914344995211136,3992914344995211201,3992914344995211203,137,True,0.27023722172897663,0.27023722172897663,0.9275228402334633,7,9.184997131509524,54,,0.0,74.38711217571047,74.38711217571047
3992914344995211136,3992914344995211201,3992914344995211203,138,True,0.21040384127234724,0.21040384127234724,0.8504290506716589,7,9.277632312990221,55,,0.0,36.852828671459875,36.852828671459875
3992914344995211136,3992914344995211201,3992914344995211203,139,True,0.23348985496266883,0.23348985496266883,0.8548199906924014,7,9.28790396204419,58,,0.0,-23.297547268389735,-23.297547268389735
3992914344995211136,3992914344995211201,3992914344995211203,140,True,0.1787240247807855,0.1787240247807855,0.8438653081138326,7,9.410200483550234,53,,0.0,142.75704576018984,142.75704576018984
3992914344995211136,3992914344995211201,3992914344995211203,141,True,0.5678445273777009,0.5678445273777009,1.1231550647167605,7,9.058443858052783,58,,0.0,-30.17683690367045,-30.17683690367045
3992914344995211136,3992914344995211201,3992914344995211203,142,True,0.1643416166274239,0.1643416166274239,0.8059728311965072,7,9.407848295381001,58,,0.0,-23.571681291428664,-23.571681291428664
3992914344995211136,3992914344995211201,3992914344995211203,143,True,0.25016492484186664,0.25016492484186664,0.9298439133241547,7,9.42153296619146,54,,0.0,87.78913294486314,87.78913294486314
3992914344995211136,3992914344995211201,3992914344995211203,144,True,0.2979394752023894,0.2979394752023894,0.9387834451959016,7,9.50926340312986,56,,0.0,-53.02745349647358,-53.02745349647358
3992914344995211136,3992914344995211201,3992914344995211203,145,True,0.1874485205807254,0.1874485205807254,0.8338224090709513,7,9.392839566353082,58,,0.0,-8.605235025268238,-8.605235025268238
3992914344995211136,3992914344995211201,3992914344995211203,146,True,0.18157301703128934,0.18157301703128934,0.8789572173849346,7,9.505462705569165,55,,0.0,46.07879248116087,46.07879248116087
3992914344995211136,3992914344995211201,3992914344995211203,147,True,0.17766166562528957,0.17766166562528957,0.8367403236026543,7,9.331486471824705,56,,0.0,-53.02798902473891,-53.02798902473891
3992914344995211136,3992914344995211201,3992914344995211203,148,True,0.1662818346033515,0.1662818346033515,0.8309089963629986,7,9.42585725564976,54,,0.0,105.92791606212062,105.92791606212062
3992914344995211136,3992914344995211201,3992914344995211203,149,True,0.19539969312360445,0.19539969312360445,0.8407241088943117,7,9.397961813276323,58,,0.0,-32.02418137585735,-32.02418137585735
3992914344995211136,3992914344995211201,3992914344995211203,150,True,0.17885032157852046,0.17885032157852046,0.8609126883787165,7,9.514963406257294,54,,0.0,89.89974093995815,89.89974093995815
3992914344995211136,3992914344995211201,3992914344995211203,151,True,0.28253022853127274,0.28253022853127274,0.9115826186689991,7,9.51545135083046,56,,0.0,-82.9046238830153,-82.9046238830153
3992914344995211136,3992914344995211201,3992914344995211203,152,True,0.27988815527082067,0.27988815527082067,0.9045817669661524,7,9.335909997352914,58,,0.0,-23.297547268389735,-23.297547268389735
3992914344995211136,3992914344995211201,3992914344995211203,153,True,0.13752638799679953,0.13752638799679953,0.8300981105414882,7,9.43146356203508,53,,0.0,130.69055505020646,130.69055505020646
3992914344995211136,3992914344995211201,3992914344995211203,154,True,0.1436681485715252,0.1436681485715252,0.796861009105919,7,9.351186858031273,56,,0.0,-104.7410414474652,-104.7410414474652
3992914344995211136,3992914344995211201,3992914344995211203,155,True,0.1448931347685298,0.1448931347685298,0.785738441866679,7,9.359762024528873,58,,0.0,-23.30275000462544,-23.30275000462544
3992914344995211136,3992914344995211201,3992914344995211203,156,True,0.16961082179467898,0.16961082179467898,0.80642904942949,7,9.210243494227544,58,,0.0,-23.303921556206195,-23.303921556206195
3992914344995211136,3992914344995211201,3992914344995211203,157,True,0.2252201794745535,0.2252201794745535,0.9153732565792294,7,9.202426472518205,48,,0.0,232.75688379710104,232.75688379710104
3992914344995211136,3992914344995211201,3992914344995211203,158,True,0.2119605346149426,0.2119605346149426,0.8423062191842529,7,9.016626257799533,56,,0.0,-98.40400723073776,-98.40400723073776
3992914344995211136,3992914344995211201,3992914344995211203,159,True,0.10184654084434844,0.10184654084434844,0.7806872711938829,7,9.382225872993995,55,,0.0,50.35038439857525,50.35038439857525
3992914344995211136,3992914344995211201,3992914344995211203,160,True,0.1726359703245288,0.1726359703245288,0.8438453362474173,7,9.482212897858423,55,,0.0,47.67233488171298,47.67233488171298
3992914344995211136,3992914344995211201,3992914344995211203,161,True,0.15893620459254212,0.15893620459254212,0.8527202270550753,7,9.40370396119412,54,,0.0,50.916845501378525,50.916845501378525
3992914344995211136,3992914344995211201,3992914344995211203,162,True,0.21043881029221123,0.21043881029221123,0.8659544511756113,7,9.320821781772537,56,,0.0,-53.046695388458545,-53.046695388458545
3992914344995211136,3992914344995211201,3992914344995211203,163,True,0.19139636265258386,0.19139636265258386,0.8459969751132946,7,9.570350395479899,55,,0.0,50.35038439857525,50.35038439857525
3992914344995211136,3992914344995211201,3992914344995211203,164,True,0.2473847207657582,0.2473847207657582,0.8780695233529929,7,9.316301512158596,58,,0.0,-31.328320802005067,-31.328320802005067
3992914344995211136,3992914344995211201,3992914344995211203,165,True,0.31918022340539187,0.31918022340539187,0.9296076424322206,7,9.525678097915087,58,,0.0,-30.175859643898647,-30.175859643898647
3992914344995211136,3992914344995211201,3992914344995211203,166,True,0.4167475142994435,0.4167475142994435,1.0466942765892542,7,9.400526706852931,56,,0.0,-53.02745349647358,-53.02745349647358
3992914344995211136,3992914344995211201,3992914344995211203,167,True,0.16814434213593835,0.16814434213593835,0.8406276806763885,7,9.41010989872532,54,,0.0,82.96537843936423,82.96537843936423
3992914344995211136,3992914344995211201,3992914344995211203,168,True,0.208247111586147,0.208247111586147,0.8823252068099139,7,9.384933577224007,55,,0.0,33.38444423543086,33.38444423543086
3992914344995211136,3992914344995211201,3992914344995211203,169,True,0.10223604748252581,0.10223604748252581,0.7721786664214968,7,9.291802737991416,55,,0.0,45.317738268433494,45.317738268433494
3992914344995211136,3992914344995211201,3992914344995211203,170,True,0.25488794589090097,0.25488794589090097,0.9302589981076004,7,9.37037621543823,55,,0.0,46.08657598997074,46.08657598997074
3992914344995211136,3992914344995211201,3992914344995211203,171,True,0.24116234074932633,0.24116234074932633,0.8494717014669586,7,8.098431476277304,48,,0.0,219.55423388460213,219.55423388460213
3992914344995211136,3992914344995211201,3992914344995211203,172,True,0.16236276815369818,0.16236276815369818,0.862768698463733,7,8.239336024106004,44,,0.0,-449.5851500786723,-449.5851500786723
3992914344995211136,3992914344995211201,3992914344995211203,173,True,0.12940506470323365,0.12940506470323365,0.801703973853111,7,9.421415106663792,54,,0.0,89.88793793513582,89.88793793513582
3992914344995211136,3992914344995211201,3992914344995211203,174,True,0.2540210191192659,0.2540210191192659,0.9078519034848445,7,9.364525705204201,56,,0.0,-50.916845501378575,-50.916845501378575
3992914344995211136,3992914344995211201,3992914344995211203,175,True,0.2370264286193059,0.2370264286193059,0.8637176912327691,7,9.347479918239259,57,,0.0,17.768930764490076,17.768930764490076
3992914344995211136,3992914344995211201,3992914344995211203,176,True,0.22397103290384768,0.22397103290384768,0.8727398415469402,7,9.328873196257495,54,,0.0,71.55267380944991,71.55267380944991
3992914344995211136,3992914344995211201,3992914344995211203,177,True,0.14426929814201883,0.14426929814201883,0.7873582094586796,7,9.372315041296124,58,,0.0,-30.17574514264143,-30.17574514264143
3992914344995211136,3992914344995211201,3992914344995211203,178,True,0.11661844012274951,0.11661844012274951,0.7861962366690756,7,9.306371675578804,55,,0.0,46.088838079473476,46.088838079473476
3992914344995211136,3992914344995211201,3992914344995211203,179,True,0.19782550456199963,0.19782550456199963,0.8482030748906325,7,9.66512690985224,58,,0.0,-30.71235753063812,-30.71235753063812
3992914344995211136,3992914344995211201,3992914344995211203,180,True,0.16791567985800795,0.16791567985800795,0.8597028154241868,7,9.788727453894861,55,,0.0,47.681098809486954,47.681098809486954
3992914344995211136,3992914344995211201,3992914344995211203,181,True,0.25943670551336645,0.25943670551336645,0.9081526661650967,7,9.571704563692183,56,,0.0,-97.42578569404732,-97.42578569404732
3992914344995211136,3992914344995211201,3992914344995211203,182,True,0.168723823229471,0.168723823229471,0.8278519297486744,7,9.724000340650809,58,,0.0,-31.328320802005067,-31.328320802005067
3992914344995211136,3992914344995211201,3992914344995211203,183,True,0.2959526447627179,0.2959526447627179,0.930504844763407,7,9.359660228477418,58,,0.0,-31.328320802005067,-31.328320802005067
3992914344995211136,3992914344995211201,3992914344995211203,184,True,0.33194755151917515,0.33194755151917515,0.9578434900234032,7,9.415469935115755,58,,0.0,-31.328320802005067,-31.328320802005067
3992914344995211136,3992914344995211201,3992914344995211203,185,True,0.18190004718395278,0.18190004718395278,0.8274676638305678,7,9.40723459806579,55,,0.0,46.07879248116087,46.07879248116087
3992914344995211136,3992914344995211201,3992914344995211203,186,True,0.2735126139001323,0.2735126139001323,0.9200706341875546,7,9.419486364506934,58,,0.0,-31.328320802005067,-31.328320802005067
3992914344995211136,3992914344995211201,3992914344995211203,187,True,0.26363871770392455,0.26363871770392455,0.8821246713552408,7,9.51937767712303,55,,0.0,50.50151218024868,50.50151218024868
3992914344995211136,3992914344995211201,3992914344995211203,188,True,0.2307043710672451,0.2307043710672451,0.8565884396928716,7,9.262016214844493,58,,0.0,-19.63861748653673,-19.63861748653673
3992914344995211136,3992914344995211201,3992914344995211203,189,True,0.20053704847972428,0.20053704847972428,0.8573889510366038,7,9.388716200878585,54,,0.0,87.78913294486314,87.78913294486314
3992914344995211136,3992914344995211201,3992914344995211203,190,True,0.15940494709082084,0.15940494709082084,0.7859765892113787,7,9.28341227652077,58,,0.0,-8.520859922149697,-8.520859922149697
3992914344995211136,3992914344995211201,3992914344995211203,191,True,0.23073828422430004,0.23073828422430004,0.8775211264456805,7,9.339103123684389,58,,0.0,-31.328320802005067,-31.328320802005067
3992914344995211136,3992914344995211201,3992914344995211203,192,True,0.22319065765930335,0.22319065765930335,0.8969028925183932,7,9.56356122149445,55,,0.0,48.19974677428123,48.19974677428123
3992914344995211136,3992914344995211201,3992914344995211203,193,True,0.24822460975942265,0.24822460975942265,0.9168107448927894,7,9.521153569899337,55,,0.0,41.162751036026386,41.162751036026386
3992914344995211136,3992914344995211201,3992914344995211203,194,True,0.2108012221005817,0.2108012221005817,0.8483234790578706,7,9.629692525267906,58,,0.0,-23.297547268389735,-23.297547268389735
3992914344995211136,3992914344995211201,3992914344995211203,195,True,0.2354059280332186,0.2354059280332186,0.8698784366130115,7,9.238694240498845,58,,0.0,-0.22362644341560584,-0.22362644341560584
3992914344995211136,3992914344995211201,3992914344995211203,196,True,0.23939173301462452,0.23939173301462452,0.8670206317620153,7,9.28350198291085,56,,0.0,17.86710765838556,17.86710765838556
3992914344995211136,3992914344995211201,3992914344995211203,197,True,0.1210746664491723,0.1210746664491723,0.7871828152031562,7,9.363132122413635,56,,0.0,19.603874836953587,19.603874836953587
3992914344995211136,3992914344995211201,3992914344995211203,198,True,0.193060310063705,0.193060310063705,0.8686458343323906,7,9.447574543011152,55,,0.0,28.977291553962697,28.977291553962697
3992914344995211136,3992914344995211201,3992914344995211203,199,True,0.3867030975133628,0.3867030975133628,0.9922261801729214,7,9.182231664012582,56,,0.0,-97.41853793243943,-97.41853793243943
3992914344995211136,3992914344995211201,3992914344995211203,200,True,0.11414940615802036,0.11414940615802036,0.7685811783695402,7,9.159964626400548,55,,0.0,46.07879248116087,46.07879248116087
3992914344995211136,3992914344995211201,3992914344995211203,201,True,0.17368255135324276,0.17368255135324276,0.8277128191291659,7,9.230392326002406,55,,0.0,33.38444423543086,33.38444423543086
3992914344995211136,3992914344995211201,3992914344995211203,202,True,0.18085368357405446,0.18085368357405446,0.8391299549201153,7,9.253778721290118,55,,0.0,47.721428250224314,47.721428250224314
3992914344995211136,3992914344995211201,3992914344995211203,203,True,0.2184474975554292,0.2184474975554292,0.8659652859629818,7,9.289732576256236,56,,0.0,-89.89218308561762,-89.89218308561762
3992914344995211136,3992914344995211201,3992914344995211203,204,True,0.3026147086941538,0.3026147086941538,0.9434357834367337,7,9.295072873604402,55,,0.0,46.07879248116087,46.07879248116087
3992914344995211136,3992914344995211201,3992914344995211203,205,True,0.20542960687317105,0.20542960687317105,0.8800586357768125,7,9.405065554511218,55,,0.0,36.8725043235243,36.8725043235243
3992914344995211136,3992914344995211201,3992914344995211203,206,True,0.1478741484744006,0.1478741484744006,0.804976078114761,7,9.473179996696802,58,,0.0,-37.531933771966706,-37.531933771966706
3992914344995211136,3992914344995211201,3992914344995211203,207,True,0.20374555582730217,0.20374555582730217,0.8682462203412955,7,9.373592676000653,55,,0.0,46.07879248116087,46.07879248116087
3992914344995211136,3992914344995211201,3992914344995211203,208,True,0.20093601833572222,0.20093601833572222,0.8450057584610745,7,9.182362015452407,56,,0.0,-53.02745349647358,-53.02745349647358
3992914344995211136,3992914344995211201,3992914344995211203,209,True,0.27467700577465265,0.27467700577465265,0.9209586215253756,7,9.417291384917334,58,,0.0,-31.328320802005067,-31.328320802005067
3992914344995211136,3992914344995211201,3992914344995211203,210,True,0.18584857817138617,0.18584857817138617,0.8327901467427659,7,9.461846757725052,58,,0.0,-37.531933771966706,-37.531933771966706
3992914344995211136,3992914344995211201,3992914344995211203,211,True,0.17072368935631593,0.17072368935631593,0.8141079191085294,7,9.287175181828545,58,,0.0,-21.4262605591451,-21.4262605591451
3992914344995211136,3992914344995211201,3992914344995211203,212,True,0.3175543055862881,0.3175543055862881,0.9566792464268817,7,9.501161218012848,58,,0.0,-31.328320802005067,-31.328320802005067
3992914344995211136,3992914344995211201,3992914344995211203,213,True,0.22666217192174662,0.22666217192174662,0.8300197053892032,7,8.8785507679844,55,,0.0,50.35038439857525,50.35038439857525
3992914344995211136,3992914344995211201,3992914344995211203,214,True,0.15478267325584566,0.15478267325584566,0.8156084369770722,7,9.455846367316227,55,,0.0,47.67366197018301,47.67366197018301
3992914344995211136,3992914344995211201,3992914344995211203,215,True,0.1499231953518707,0.1499231953518707,0.80145934466111,7,9.360456372264482,58,,0.0,-31.328320802005067,-31.328320802005067
3992914344995211136,3992914344995211201,3992914344995211203,216,True,0.22977254328364471,0.22977254328364471,0.890685204829096,7,9.536861008993148,58,,0.0,-31.328320802005067,-31.328320802005067
3992914344995211136,3992914344995211201,3992914344995211203,217,True,0.1534966062024027,0.1534966062024027,0.8442924158330898,7,9.57418060188977,54,,0.0,98.39719678191788,98.39719678191788
3992914344995211136,3992914344995211201,3992914344995211203,218,True,0.1630942445614522,0.1630942445614522,0.8239403864190532,7,9.296670206780021,56,,0.0,-53.47348709276348,-53.47348709276348
3992914344995211136,3992914344995211201,3992914344995211203,219,True,0.22392754557293568,0.22392754557293568,0.8449910165913517,7,8.907162077432652,56,,0.0,-94.35359467428562,-94.35359467428562
3992914344995211136,3992914344995211201,3992914344995211203,220,True,0.22340657454196713,0.22340657454196713,0.8900588132208791,7,9.486000599648444,54,,0.0,53.027453496473534,53.027453496473534
3992914344995211136,3992914344995211201,3992914344995211203,221,True,0.19505224350417819,0.19505224350417819,0.8369242381708087,7,9.433594718501851,54,,0.0,104.74097846680682,104.74097846680682
3992914344995211136,3992914344995211201,3992914344995211203,222,True,0.21206482523665363,0.21206482523665363,0.874474196349931,7,9.552554261397578,58,,0.0,-34.121708771972,-34.121708771972
3992914344995211136,3992914344995211201,3992914344995211203,223,True,0.22654178519578627,0.22654178519578627,0.8480713120396783,7,8.782962435283142,52,,0.0,163.4038945739801,163.4038945739801
3992914344995211136,3992914344995211201,3992914344995211203,224,True,0.1502877597192522,0.1502877597192522,0.7937820520642832,7,9.399027388698485,58,,0.0,-36.8261653371355,-36.8261653371355
3992914344995211136,3992914344995211201,3992914344995211203,225,True,0.21239550602562993,0.21239550602562993,0.8389964648193254,7,8.579858189252853,50,,0.0,-335.5952859901415,-335.5952859901415
3992914344995211136,3992914344995211201,3992914344995211203,226,True,0.14990578324616588,0.14990578324616588,0.8386826231360587,7,9.675732422018369,55,,0.0,47.68582035120193,47.68582035120193
3992914344995211136,3992914344995211201,3992914344995211203,227,True,0.22833895237081084,0.22833895237081084,0.9007452073483636,7,9.450575604984873,55,,0.0,50.35038439857525,50.35038439857525
3992914344995211136,3992914344995211201,3992914344995211203,228,True,0.1193752778092914,0.1193752778092914,0.7985601435134504,7,9.349634443768084,55,,0.0,31.47876713140727,31.47876713140727
3992914344995211136,3992914344995211201,3992914344995211203,229,True,0.15514312393288443,0.15514312393288443,0.8301654296022083,7,9.200517797835499,55,,0.0,33.38444423543086,33.38444423543086
3992914344995211136,3992914344995211201,3992914344995211203,230,True,0.21978591343630982,0.21978591343630982,0.8479724430924591,7,9.368751426920465,58,,0.0,-31.328320802005067,-31.328320802005067
3992914344995211136,3992914344995211201,3992914344995211203,231,True,0.24685410966053836,0.24685410966053836,0.9179775854411905,7,9.441559397067511,55,,0.0,50.50047041917607,50.50047041917607
3992914344995211136,3992914344995211201,3992914344995211203,232,True,0.19725815213776052,0.19725815213776052,0.8568481517316137,7,9.245965428566736,55,,0.0,36.8725043235243,36.8725043235243
3992914344995211136,3992914344995211201,3992914344995211203,233,True,0.13616955252667792,0.13616955252667792,0.8067454341820139,7,9.433779989997314,55,,0.0,46.07879248116087,46.07879248116087
3992914344995211136,3992914344995211201,3992914344995211203,234,True,0.17750221484495138,0.17750221484495138,0.847143342473971,7,9.335462535049766,56,,0.0,-53.19719811974098,-53.19719811974098
3992914344995211136,3992914344995211201,3992914344995211203,235,True,0.21213563786580245,0.21213563786580245,0.8615692137093921,7,9.552922548222949,55,,0.0,47.6902134939177,47.6902134939177
3992914344995211136,3992914344995211201,3992914344995211203,236,True,0.12305865316795772,0.12305865316795772,0.8073924457645126,7,9.470093815393945,55,,0.0,35.34013059237402,35.34013059237402
3992914344995211136,3992914344995211201,3992914344995211203,237,True,0.20388399119628314,0.20388399119628314,0.8832241895049414,7,9.545714987408306,56,,0.0,-52.01085016293574,-52.01085016293574
3992914344995211136,3992914344995211201,3992914344995211203,238,True,0.18745565526184627,0.18745565526184627,0.8653350330532961,7,9.522719733695045,55,,0.0,36.34085213032574,36.34085213032574
3992914344995211136,3992914344995211201,3992914344995211203,239,True,0.13408350020965315,0.13408350020965315,0.8115526231923638,7,9.337549707027609,56,,0.0,-53.45469779671444,-53.45469779671444
3992914344995211136,3992914344995211201,3992914344995211203,240,True,0.18373004300156204,0.18373004300156204,0.8760739261163101,7,9.664668885534464,54,,0.0,95.04415815796747,95.04415815796747
3992914344995211136,3992914344995211201,3992914344995211203,241,True,0.19307860988325992,0.19307860988325992,0.8271758120599356,7,9.451997495239928,58,,0.0,-19.61904824477241,-19.61904824477241
3992914344995211136,3992914344995211201,3992914344995211203,242,True,0.16234027972316614,0.16234027972316614,0.8360734377901522,7,9.524688704809607,56,,0.0,-53.02745349647358,-53.02745349647358
3992914344995211136,3992914344995211201,3992914344995211203,243,True,0.4437885802969834,0.4437885802969834,1.001057084962953,7,9.246150711957444,58,,0.0,-8.577460048243747,-8.577460048243747
3992914344995211136,3992914344995211201,3992914344995211203,244,True,0.262467522355538,0.262467522355538,0.9049438464352131,7,9.31032391698874,56,,0.0,-53.02745349647358,-53.02745349647358
3992914344995211136,3992914344995211201,3992914344995211203,245,True,0.13092325956132286,0.13092325956132286,0.7721033453892475,7,9.303770866562024,58,,0.0,-0.019458772024699107,-0.019458772024699107
3992914344995211136,3992914344995211201,3992914344995211203,246,True,0.2143722951314612,0.2143722951314612,0.8686069156429197,7,9.475375663960582,56,,0.0,-53.042573113970604,-53.042573113970604
3992914344995211136,3992914344995211201,3992914344995211203,247,True,0.09216785324136004,0.09216785324136004,0.7810475995026933,7,9.372328091595172,54,,0.0,94.78038637859052,94.78038637859052
3992914344995211136,3992914344995211201,3992914344995211203,248,True,0.18493537669673496,0.18493537669673496,0.8256325994782538,7,9.496855598877763,58,,0.0,-30.16967843025882,-30.16967843025882
3992914344995211136,3992914344995211201,3992914344995211203,249,True,0.25239570380479787,0.25239570380479787,0.8948852779931645,7,9.254659970655343,58,,0.0,-30.701245798801995,-30.701245798801995
3992914344995211136,3992914344995211201,3992914344995211203,250,True,0.1786709377874478,0.1786709377874478,0.8481617334029569,7,9.387679402897001,55,,0.0,35.40579448363618,35.40579448363618
3992914344995211136,3992914344995211201,3992914344995211203,251,True,0.12727284857708507,0.12727284857708507,0.7631965835722246,7,9.181018849358676,58,,0.0,-8.566317481218839,-8.566317481218839
3992914344995211136,3992914344995211201,3992914344995211203,252,True,0.16288213166066826,0.16288213166066826,0.8153373454088123,7,9.644784541836719,58,,0.0,-32.00331726806718,-32.00331726806718
3992914344995211136,3992914344995211201,3992914344995211203,253,True,0.24651669225887318,0.24651669225887318,0.8960208728084726,7,9.260239915982083,53,,0.0,130.69055505020646,130.69055505020646
3992914344995211136,3992914344995211201,3992914344995211203,254,True,0.33281967352791636,0.33281967352791636,0.9407128561250842,7,9.51239188811791,58,,0.0,-23.297547268389735,-23.297547268389735
3992914344995211136,3992914344995211201,3992914344995211203,255,True,0.23504604149443473,0.23504604149443473,0.869905749421575,7,9.240736351939068,58,,0.0,-31.328320802005067,-31.328320802005067
3992914344995211136,3992914344995211201,3992914344995211203,256,True,0.20899882069027825,0.20899882069027825,0.8816454304259855,7,9.397357890040016,56,,0.0,-53.02745349647358,-53.02745349647358
3992914344995211136,3992914344995211201,3992914344995211203,257,True,0.333279037843973,0.333279037843973,0.983294407706305,7,9.072946785074672,54,,0.0,89.89974093995815,89.89974093995815
3992914344995211136,3992914344995211201,3992914344995211203,258,True,0.17994750955000996,0.17994750955000996,0.8408803285434003,7,9.63842512553148,55,,0.0,47.69146117879239,47.69146117879239
3992914344995211136,3992914344995211201,3992914344995211203,259,True,0.16394917411164914,0.16394917411164914,0.8200458429282345,7,9.471305128026565,58,,0.0,-31.488251142312247,-31.488251142312247
3992914344995211136,3992914344995211201,3992914344995211203,260,True,0.25703019732370047,0.25703019732370047,0.8910665572043515,7,9.243829014071766,56,,0.0,-53.47348709276348,-53.47348709276348
3992914344995211136,3992914344995211201,3992914344995211203,261,True,0.1628331209415196,0.1628331209415196,0.7940862533742035,7,9.234929231951712,58,,0.0,-34.094458860135134,-34.094458860135134
3992914344995211136,3992914344995211201,3992914344995211203,262,True,0.24494205271931802,0.24494205271931802,0.9190081842980059,7,9.569227153138868,54,,0.0,82.95384495050055,82.95384495050055
3992914344995211136,3992914344995211201,3992914344995211203,263,True,0.17204352556545408,0.17204352556545408,0.8340804908313929,7,9.244326355136206,54,,0.0,50.54042972429807,50.54042972429807
3992914344995211136,3992914344995211201,3992914344995211203,264,True,0.19852530495513107,0.19852530495513107,0.8672516922811324,7,9.405124666069515,54,,0.0,93.98496240601503,93.98496240601503
3992914344995211136,3992914344995211201,3992914344995211203,265,True,0.16840326305581127,0.16840326305581127,0.8374011023060344,7,9.439613629100153,55,,0.0,46.08657598997074,46.08657598997074
3992914344995211136,3992914344995211201,3992914344995211203,266,True,0.18860256672348144,0.18860256672348144,0.8592552997974584,7,9.469918770893297,55,,0.0,41.67374278357512,41.67374278357512
3992914344995211136,3992914344995211201,3992914344995211203,267,True,0.22419216855200877,0.22419216855200877,0.8542100224609034,7,9.114141149131871,58,,0.0,-0.23285462417716404,-0.23285462417716404
3992914344995211136,3992914344995211201,3992914344995211203,268,True,0.17641352310231215,0.17641352310231215,0.805827353473371,7,9.247723066354233,58,,0.0,-19.64279238100299,-19.64279238100299
3992914344995211136,3992914344995211201,3992914344995211203,269,True,0.20534043517264053,0.20534043517264053,0.8705759229440275,7,9.285936342093146,54,,0.0,98.40400723073763,98.40400723073763
3992914344995211136,3992914344995211201,3992914344995211203,270,True,0.1608989731742522,0.1608989731742522,0.8328374963122765,7,9.4681940524341,55,,0.0,38.300813606681956,38.300813606681956
3992914344995211136,3992914344995211201,3992914344995211203,271,True,0.23593094164144895,0.23593094164144895,0.905237007751932,7,9.62552498301207,58,,0.0,-30.176156704413547,-30.176156704413547
3992914344995211136,3992914344995211201,3992914344995211203,272,True,0.246915181076254,0.246915181076254,0.8779890867215597,7,9.563904069857388,58,,0.0,-36.834187036017774,-36.834187036017774
3992914344995211136,3992914344995211201,3992914344995211203,273,True,0.2976808016521849,0.2976808016521849,0.9645813899013058,7,9.580106811463992,56,,0.0,-52.01085016293574,-52.01085016293574
3992914344995211136,3992914344995211201,3992914344995211203,274,True,0.1667404021661611,0.1667404021661611,0.8253192641244629,7,9.53554265305074,58,,0.0,-30.176156704413547,-30.176156704413547
3992914344995211136,3992914344995211201,3992914344995211203,275,True,0.17734519154678038,0.17734519154678038,0.8510408732903187,7,9.42592776148808,55,,0.0,47.68888231829671,47.68888231829671
3992914344995211136,3992914344995211201,3992914344995211203,276,True,0.17668841496993165,0.17668841496993165,0.8135217272823528,7,9.39943524077071,58,,0.0,-8.484807518754845,-8.484807518754845
3992914344995211136,3992914344995211201,3992914344995211203,277,True,0.27078411888277837,0.27078411888277837,0.8815584423294729,7,9.185791876549757,58,,0.0,-30.696942119268243,-30.696942119268243
3992914344995211136,3992914344995211201,3992914344995211203,278,True,0.2317665302470277,0.2317665302470277,0.8628362658790001,7,9.326598286581534,58,,0.0,-47.71095088026589,-47.71095088026589
3992914344995211136,3992914344995211201,3992914344995211203,279,True,0.1697050364009315,0.1697050364009315,0.8214950360901636,7,9.340775120233022,58,,0.0,-36.841370288284836,-36.841370288284836
3992914344995211136,3992914344995211201,3992914344995211203,280,True,0.18167842119192837,0.18167842119192837,0.8309141172738516,7,9.236494718090038,55,,0.0,50.35038439857525,50.35038439857525
3992914344995211136,3992914344995211201,3992914344995211203,281,True,0.16607038603645313,0.16607038603645313,0.8067310400984319,7,9.39201094370981,58,,0.0,-0.23285462417716404,-0.23285462417716404
3992914344995211136,3992914344995211201,3992914344995211203,282,True,0.3518322705635092,0.3518322705635092,0.9946214744322547,7,9.132545934161572,56,,0.0,-51.37844611528823,-51.37844611528823
3992914344995211136,3992914344995211201,3992914344995211203,283,True,0.2493162432460012,0.2493162432460012,0.8936124895684767,7,9.379136589601638,55,,0.0,47.71466573554027,47.71466573554027
3992914344995211136,3992914344995211201,3992914344995211203,284,True,0.2748864729159352,0.2748864729159352,0.9482293083969584,7,9.521034818234325,54,,0.0,89.89974093995815,89.89974093995815
3992914344995211136,3992914344995211201,3992914344995211203,285,True,0.2153540258115572,0.2153540258115572,0.8641125297374435,7,9.328145008738378,55,,0.0,30.246730047731536,30.246730047731536
3992914344995211136,3992914344995211201,3992914344995211203,286,True,0.32889193180699106,0.32889193180699106,0.9877734780109885,7,9.409904774761015,55,,0.0,46.07879248116087,46.07879248116087
3992914344995211136,3992914344995211201,3992914344995211203,287,True,0.17002571104500766,0.17002571104500766,0.8286455085963176,7,9.443305127970824,55,,0.0,50.35038439857525,50.35038439857525
3992914344995211136,3992914344995211201,3992914344995211203,288,True,0.12899125338692202,0.12899125338692202,0.8104455624989236,7,9.477435145825147,55,,0.0,46.09183844986423,46.09183844986423
3992914344995211136,3992914344995211201,3992914344995211203,289,True,0.13964581645320176,0.13964581645320176,0.8289196910740683,7,9.395018072963335,54,,0.0,86.53792845996001,86.53792845996001
3992914344995211136,3992914344995211201,3992914344995211203,290,True,0.17145867929047032,0.17145867929047032,0.8426238352171281,7,9.483041641826274,54,,0.0,89.89974093995815,89.89974093995815
3992914344995211136,3992914344995211201,3992914344995211203,291,True,0.23646570567278674,0.23646570567278674,0.8855891303529937,7,9.624510545076335,58,,0.0,-31.328320802005067,-31.328320802005067
3992914344995211136,3992914344995211201,3992914344995211203,292,True,0.16341726775146548,0.16341726775146548,0.8304510946734333,7,9.50526325277896,55,,0.0,28.977291553962697,28.977291553962697
3992914344995211136,3992914344995211201,3992914344995211203,293,True,0.12480947248751326,0.12480947248751326,0.803405114825747,7,9.408156279584784,55,,0.0,50.35038439857525,50.35038439857525
3992914344995211136,3992914344995211201,3992914344995211203,294,True,0.12989906014719127,0.12989906014719127,0.8237102287277392,7,9.603525535321667,54,,0.0,53.04363624513133,53.04363624513133
3992914344995211136,3992914344995211201,3992914344995211203,295,True,0.19242364557115982,0.19242364557115982,0.8459478486246688,7,9.287626523748894,55,,0.0,47.681098809486954,47.681098809486954
3992914344995211136,3992914344995211201,3992914344995211203,296,True,0.16336684415678435,0.16336684415678435,0.8683794217273466,7,9.428407271233345,54,,0.0,53.027453496473534,53.027453496473534
3992914344995211136,3992914344995211201,3992914344995211203,297,True,0.1991059371261314,0.1991059371261314,0.8513193821736909,7,9.182396543654669,55,,0.0,47.715642382205786,47.715642382205786
3992914344995211136,3992914344995211201,3992914344995211203,298,True,0.1748144756856285,0.1748144756856285,0.7991941140369005,7,9.196936245672113,58,,0.0,-23.297547268389735,-23.297547268389735
3992914344995211136,3992914344995211201,3992914344995211203,299,True,0.2238969386796996,0.2238969386796996,0.8512613791006789,7,8.828957622201838,55,,0.0,47.681098809486954,47.681098809486954
