group,n_after_binning,signal,noise,snr,noise_signal_ratio,snr_reason,removed_source,source_reason,n_removed_points,n_final,outlier_fraction,max_abs_local_z
"source_id=362059596955069568, lensComponentSourceId=362059596955069633",34,14.906376139322958,9.706572532653809,1.5356992480277183,0.6511691669344041,ok,False,kept_after_adaptive_rolling_hybrid_cleaning,2,32,0.058823529411764705,5.022336238135417
"source_id=362059596955069568, lensComponentSourceId=362059596955069635",36,97.25561080613932,9.361902594566345,10.388445064851085,0.09626079685240505,ok,False,kept_after_adaptive_rolling_hybrid_cleaning,7,29,0.19444444444444445,41.17534274194848
"source_id=362059596955069568, lensComponentSourceId=362059596955069637",28,16.909610557556142,5.162785768508911,3.2752880548905456,0.30531665711259653,ok,False,kept_after_adaptive_rolling_hybrid_cleaning,0,28,0.0,3.955261703536636
"source_id=534928457206279296, lensComponentSourceId=534928457206279361",46,6.541200637817383,5.626204570134481,1.162631140812043,0.8601180244505984,ok,False,kept_after_adaptive_rolling_hybrid_cleaning,3,43,0.06521739130434782,6.252271495406709
"source_id=534928457206279296, lensComponentSourceId=534928457206279363",23,39.76504516601562,5.160298824310303,7.705957836914686,0.12976972119021876,ok,False,kept_after_adaptive_rolling_hybrid_cleaning,0,23,0.0,2.29021538749642
"source_id=586555269774257280, lensComponentSourceId=586555269774257345",31,253.15324958225756,17.429678721924947,14.524263678125854,0.06885030609200807,ok,False,kept_after_adaptive_rolling_hybrid_cleaning,2,29,0.06451612903225806,8.283321061677887
"source_id=586555269774257280, lensComponentSourceId=586555269774257347",26,345.9808654785157,14.888624946276348,23.237932765916415,0.043033087756701054,ok,False,kept_after_adaptive_rolling_hybrid_cleaning,3,23,0.11538461538461539,6.426894499462581
"source_id=646821082640500352, lensComponentSourceId=646821082640500417",29,6.090667724609403,9.15819787979126,0.6650508980646994,1.5036443119015457,ok,True,bad_snr_low (snr=0.665 < min_snr=0.800),0,0,,
"source_id=646821082640500352, lensComponentSourceId=646821082640500419",28,9.031140136718761,6.5913461446762085,1.370151094858394,0.7298465138279882,ok,False,kept_after_adaptive_rolling_hybrid_cleaning,1,27,0.03571428571428571,5.4984627217179005
"source_id=658626465973611648, lensComponentSourceId=658626465973611713",30,9.226891326904294,6.988277077674866,1.3203385075244123,0.7573815307977076,ok,False,kept_after_adaptive_rolling_hybrid_cleaning,0,30,0.0,2.429174035496983
"source_id=658626465973611648, lensComponentSourceId=658626465973611715",29,22.654069900512695,6.062923908233643,3.7364925312270127,0.2676306701117943,ok,False,kept_after_adaptive_rolling_hybrid_cleaning,0,29,0.0,2.27842619844806
"source_id=732123458171165824, lensComponentSourceId=732123458171165889",36,42.00593376159668,7.360659599304199,5.706816514863354,0.1752290436174895,ok,False,kept_after_adaptive_rolling_hybrid_cleaning,0,36,0.0,3.272251232269752
"source_id=732123458171165824, lensComponentSourceId=732123458171165891",32,5.472973251342779,5.623602628707886,0.9732147900002465,1.0275224033532688,ok,False,kept_after_adaptive_rolling_hybrid_cleaning,1,31,0.03125,5.099246384275799
"source_id=759634476048509952, lensComponentSourceId=759634476048510017",36,247.6327161822927,14.844109694163006,16.682220846135806,0.05994405716260706,ok,False,kept_after_adaptive_rolling_hybrid_cleaning,0,36,0.0,2.302119858113253
"source_id=759634476048509952, lensComponentSourceId=759634476048510019",21,46.80732345581055,6.308162689208984,7.420119892576832,0.13476871189108558,ok,False,kept_after_adaptive_rolling_hybrid_cleaning,0,21,0.0,1.5058404562171763
"source_id=768228877406799488, lensComponentSourceId=768228877406799553",21,25.324289321899414,5.990029907226562,4.227740047065105,0.23653299135413952,ok,False,kept_after_adaptive_rolling_hybrid_cleaning,0,21,0.0,3.305883123872086
"source_id=768228877406799488, lensComponentSourceId=768228877406799555",19,19.148359680175773,4.600594997406006,4.162148524478326,0.24026052749411142,ok,True,less_than_20_points_after_cleaning,0,0,0.0,3.8687303332772944
"source_id=798737095262153856, lensComponentSourceId=798737095262153921",21,3.7746658325195312,5.18344259262085,0.7282160002877521,1.3732189344986285,ok,True,bad_snr_low (snr=0.728 < min_snr=0.800),0,0,,
"source_id=798737095262153856, lensComponentSourceId=798737095262153923",18,14.181551170349117,4.785086512565613,2.963697967238092,0.3374162991824409,ok,True,less_than_20_points_after_cleaning,1,0,0.05555555555555555,4.145765900145982
"source_id=842636299591976576, lensComponentSourceId=842636299591976641",50,6.305118433634448,6.183839321136475,1.0196122677514339,0.9807649747146677,ok,False,kept_after_adaptive_rolling_hybrid_cleaning,0,50,0.0,3.67253962362964
"source_id=842636299591976576, lensComponentSourceId=842636299591976643",28,9.36810836791992,4.574043035507202,2.0481023670301166,0.488256845017989,ok,False,kept_after_adaptive_rolling_hybrid_cleaning,0,28,0.0,2.0872925169866967
"source_id=928565336620746368, lensComponentSourceId=928565336620746433",29,22.503500366210922,5.482703685760498,4.104453141368244,0.24363781618582303,ok,False,kept_after_adaptive_rolling_hybrid_cleaning,3,26,0.10344827586206896,9.370663853410155
"source_id=928565336620746368, lensComponentSourceId=928565336620746435",18,16.991511917114252,6.755318760871887,2.5152790739546407,0.3975701982157203,ok,True,less_than_20_points_after_cleaning,0,0,0.0,2.1883215104945073
"source_id=1002696639653430912, lensComponentSourceId=1002696639653430977",39,47.324590301513666,6.908411026000977,6.850285850595679,0.1459793097412195,ok,False,kept_after_adaptive_rolling_hybrid_cleaning,1,38,0.02564102564102564,5.814888800689921
"source_id=1002696639653430912, lensComponentSourceId=1002696639653430979",15,9.112023099263489,4.779206991195679,1.9065972903140174,0.5244946088407058,ok,True,less_than_20_points_after_cleaning,1,0,0.06666666666666667,9.713877937380015
"source_id=1065585960278240384, lensComponentSourceId=1065585960278240449",54,73.89098307291715,80.89311790466309,0.9134396718395954,1.0947630487584132,ok,False,kept_after_adaptive_rolling_hybrid_cleaning,1,53,0.018518518518518517,5.901590170736813
"source_id=1065585960278240384, lensComponentSourceId=1065585960278240451",34,11.338978385925294,5.1693196296691895,2.193514659230103,0.4558893626683069,ok,False,kept_after_adaptive_rolling_hybrid_cleaning,3,31,0.08823529411764706,6.692851118726042
"source_id=1283010910042315904, lensComponentSourceId=1283010910042315969",55,9.590745544433588,7.703466892242432,1.2449908175878175,0.8032187754906581,ok,False,kept_after_adaptive_rolling_hybrid_cleaning,2,53,0.03636363636363636,7.351051944461701
"source_id=1283010910042315904, lensComponentSourceId=1283010910042315971",22,12.799410216013587,4.518443293717512,2.8327035184462783,0.35301964836351607,ok,False,kept_after_adaptive_rolling_hybrid_cleaning,0,22,0.0,3.208360911068165
"source_id=1290471096436583424, lensComponentSourceId=1290471096436583489",55,9.20097961425779,11.07755708694458,0.8305964520915514,1.2039540952551244,ok,False,kept_after_adaptive_rolling_hybrid_cleaning,2,53,0.03636363636363636,14.03749184666339
"source_id=1290471096436583424, lensComponentSourceId=1290471096436583491",19,10.029079055786127,4.603208541870117,2.1787149038682645,0.45898616575510637,ok,True,less_than_20_points_after_cleaning,0,0,0.0,2.8225216717160113
"source_id=1349383651008404096, lensComponentSourceId=1349383651008404161",48,22.739739990234284,20.85809326171875,1.090211828325121,0.9172529356393865,ok,False,kept_after_adaptive_rolling_hybrid_cleaning,2,46,0.041666666666666664,9.45326712776729
"source_id=1349383651008404096, lensComponentSourceId=1349383651008404163",46,20.232150077819824,6.386189937591553,3.16810966719384,0.31564563889789593,ok,False,kept_after_adaptive_rolling_hybrid_cleaning,1,45,0.021739130434782608,4.767497538231606
"source_id=1374812026358285952, lensComponentSourceId=1374812026358286017",57,76.570556640625,39.355520248413086,1.9456115979997117,0.51397719926634,ok,False,kept_after_adaptive_rolling_hybrid_cleaning,2,55,0.03508771929824561,30.89140640400748
"source_id=1374812026358285952, lensComponentSourceId=1374812026358286019",55,16.15486683724197,5.937676906585693,2.7207386140064336,0.3675472516367334,ok,False,kept_after_adaptive_rolling_hybrid_cleaning,4,51,0.07272727272727272,23.99904778850274
"source_id=1374812026358285952, lensComponentSourceId=1374812026358286021",52,7.592236328125011,5.439885973930359,1.3956609319587563,0.7165064071805309,ok,False,kept_after_adaptive_rolling_hybrid_cleaning,1,51,0.019230769230769232,20.53696754084178
"source_id=1404629574817908352, lensComponentSourceId=1404629574817908417",24,19.578169250488372,12.961830139160156,1.5104479105415056,0.6620552705068083,ok,False,kept_after_adaptive_rolling_hybrid_cleaning,1,23,0.041666666666666664,5.456585921410723
"source_id=1404629574817908352, lensComponentSourceId=1404629574817908419",48,32.51827487945556,6.213160872459412,5.23377320287919,0.19106674310034727,ok,False,kept_after_adaptive_rolling_hybrid_cleaning,1,47,0.020833333333333332,5.817740109038865
"source_id=1607493627670775424, lensComponentSourceId=1607493627670775489",51,10.326217651367188,7.636224031448364,1.3522675092873895,0.7394986518066788,ok,False,kept_after_adaptive_rolling_hybrid_cleaning,1,50,0.0196078431372549,5.102146787217727
"source_id=1607493627670775424, lensComponentSourceId=1607493627670775491",48,14.445262145996082,6.399785399436951,2.2571478955008346,0.44303698574351136,ok,False,kept_after_adaptive_rolling_hybrid_cleaning,1,47,0.020833333333333332,5.991659712074478
"source_id=1654178311566482048, lensComponentSourceId=1654178311566482113",26,62.765380859375,80.1789779663086,0.7828159257124625,1.2774395195011805,ok,True,bad_snr_low (snr=0.783 < min_snr=0.800),0,0,,
"source_id=1654178311566482048, lensComponentSourceId=1654178311566482115",30,30.004260826110837,5.301641941070557,5.659427996009119,0.1766963022950683,ok,False,kept_after_adaptive_rolling_hybrid_cleaning,0,30,0.0,2.825338354936705
"source_id=1659540453680688256, lensComponentSourceId=1659540453680688321",54,12.494442749023392,9.506559371948242,1.3142970301002626,0.7608630142941994,ok,False,kept_after_adaptive_rolling_hybrid_cleaning,2,52,0.037037037037037035,5.114734372486108
"source_id=1659540453680688256, lensComponentSourceId=1659540453680688323",54,46.02147197723386,7.204639911651611,6.387754633344857,0.15654953225345855,ok,False,kept_after_adaptive_rolling_hybrid_cleaning,0,54,0.0,2.7591700585855627
"source_id=1686584114691786368, lensComponentSourceId=1686584114691786433",52,40.988134765625546,35.40156364440918,1.1578057731384594,0.8637027238940985,ok,False,kept_after_adaptive_rolling_hybrid_cleaning,0,52,0.0,3.9260931051339347
"source_id=1686584114691786368, lensComponentSourceId=1686584114691786435",52,15.198603820800713,9.44753098487854,1.6087381819786761,0.6216051879679045,ok,False,kept_after_adaptive_rolling_hybrid_cleaning,3,49,0.057692307692307696,8.525789232682214
"source_id=1760679413013474304, lensComponentSourceId=1760679413013474369",32,6.4122150022407,5.842242240905762,1.0975606176245392,0.9111114082831338,ok,False,kept_after_adaptive_rolling_hybrid_cleaning,2,30,0.0625,5.257819930235675
"source_id=1760679413013474304, lensComponentSourceId=1760679413013474371",30,6.675210952758789,5.327488899230957,1.2529751030963914,0.7981004550918599,ok,False,kept_after_adaptive_rolling_hybrid_cleaning,0,30,0.0,3.55762176617989
"source_id=1807003693327705344, lensComponentSourceId=1807003693327705409",26,4.530742645263672,5.381948232650757,0.8418406215386722,1.1878733033483848,ok,False,kept_after_adaptive_rolling_hybrid_cleaning,1,25,0.038461538461538464,4.476260190001593
"source_id=1807003693327705344, lensComponentSourceId=1807003693327705411",17,5.234268951416013,5.679047584533691,0.9216807701472711,1.084974355969491,ok,True,less_than_20_points_after_cleaning,2,0,0.11764705882352941,14.317828944174865
"source_id=1816089851251338368, lensComponentSourceId=1816089851251338433",38,27.874609375000546,38.71422100067139,0.7200095637858022,1.388870440473056,ok,True,bad_snr_low (snr=0.720 < min_snr=0.800),0,0,,
"source_id=1816089851251338368, lensComponentSourceId=1816089851251338435",24,21.549440574646,5.604116360346476,3.8452878543217293,0.2600585542317976,ok,False,kept_after_adaptive_rolling_hybrid_cleaning,1,23,0.041666666666666664,4.128064544354784
"source_id=1824963803448259456, lensComponentSourceId=1824963803448259521",42,10.233704603921211,8.72973108291626,1.172281769818565,0.8530372353694204,ok,False,kept_after_adaptive_rolling_hybrid_cleaning,0,42,0.0,2.906646503823943
"source_id=1824963803448259456, lensComponentSourceId=1824963803448259523",41,10.251773180443536,7.813294410705566,1.3120935474281925,0.7621407802515906,ok,False,kept_after_adaptive_rolling_hybrid_cleaning,1,40,0.024390243902439025,6.882541569491681
"source_id=1824963803448259456, lensComponentSourceId=1824963803448259525",22,5.895956134796137,5.133887600898743,1.1484388816311415,0.8707472517646633,ok,False,kept_after_adaptive_rolling_hybrid_cleaning,0,22,0.0,3.4035389426607208
"source_id=1838547406315860864, lensComponentSourceId=1838547406315860929",37,16.860351562499943,11.227004289627075,1.5017676245191842,0.6658819804563083,ok,False,kept_after_adaptive_rolling_hybrid_cleaning,2,35,0.05405405405405406,7.514027126316397
"source_id=1838547406315860864, lensComponentSourceId=1838547406315860931",23,10.327661911366384,5.143021782239278,2.008092197282063,0.49798510315088723,ok,False,kept_after_adaptive_rolling_hybrid_cleaning,1,22,0.043478260869565216,4.487252655563309
"source_id=1896043862922069632, lensComponentSourceId=1896043862922069697",33,4.957579803466793,4.939803123474121,1.0035986616365733,0.996414242292128,ok,False,kept_after_adaptive_rolling_hybrid_cleaning,2,31,0.06060606060606061,4.63985622153104
"source_id=1896043862922069632, lensComponentSourceId=1896043862922069699",18,23.38544540405271,5.745858311653137,4.069965553557916,0.24570232520169905,ok,True,less_than_20_points_after_cleaning,1,0,0.05555555555555555,13.047644759796635
"source_id=1905161971117186176, lensComponentSourceId=1905161971117186241",47,154.82929534912108,10.12001132965088,15.29932035703189,0.06536238059361761,ok,False,kept_after_adaptive_rolling_hybrid_cleaning,1,46,0.02127659574468085,4.016150626954822
"source_id=1905161971117186176, lensComponentSourceId=1905161971117186243",46,5.585588773091629,6.000433802604675,0.9308641602990488,1.0742705999968252,ok,False,kept_after_adaptive_rolling_hybrid_cleaning,3,43,0.06521739130434782,12.123213158151627
"source_id=1981625793581429632, lensComponentSourceId=1981625793581429697",57,8.144366963704414,8.090283393859863,1.0066850031342038,0.9933593893686795,ok,False,kept_after_adaptive_rolling_hybrid_cleaning,0,57,0.0,3.9364535884197767
"source_id=1981625793581429632, lensComponentSourceId=1981625793581429699",33,6.275616455078122,5.198198318481445,1.2072676090033103,0.8283167646861451,ok,False,kept_after_adaptive_rolling_hybrid_cleaning,1,32,0.030303030303030304,7.009856401472395
"source_id=1993461967540106112, lensComponentSourceId=1993461967540106177",55,11.809385681152378,9.970419597625732,1.1844421957892888,0.8442792764011754,ok,False,kept_after_adaptive_rolling_hybrid_cleaning,0,55,0.0,3.5603862399545356
"source_id=1993461967540106112, lensComponentSourceId=1993461967540106179",48,6.716189002990724,5.682832717895508,1.1818382374411847,0.8461394870461415,ok,False,kept_after_adaptive_rolling_hybrid_cleaning,2,46,0.041666666666666664,8.714405493589211
"source_id=2043667558242118656, lensComponentSourceId=2043667558242118721",55,16.26073608398451,17.10999870300293,0.9503645421744324,1.0522278090384156,ok,False,kept_after_adaptive_rolling_hybrid_cleaning,3,52,0.05454545454545454,6.538602218691654
"source_id=2043667558242118656, lensComponentSourceId=2043667558242118723",54,9.628349036301756,8.640491962432861,1.1143287995826974,0.8974011982589769,ok,False,kept_after_adaptive_rolling_hybrid_cleaning,1,53,0.018518518518518517,4.427544934458869
"source_id=2054505233904010880, lensComponentSourceId=2054505233904010945",49,85.88479003906237,13.521911196419113,6.351527442496921,0.1574424434206457,ok,False,kept_after_adaptive_rolling_hybrid_cleaning,7,42,0.14285714285714285,11.570436091496374
"source_id=2054505233904010880, lensComponentSourceId=2054505233904010947",48,8.886585108439135,7.959566791852315,1.1164659259516168,0.8956834030986235,ok,False,kept_after_adaptive_rolling_hybrid_cleaning,1,47,0.020833333333333332,4.943748685377834
"source_id=2117350191811386496, lensComponentSourceId=2117350191811386561",50,50.02790546417236,6.7215516567230225,7.442910211682077,0.13435604777690888,ok,False,kept_after_adaptive_rolling_hybrid_cleaning,0,50,0.0,3.7264552067275822
"source_id=2117350191811386496, lensComponentSourceId=2117350191811386563",41,7.252338409423821,5.65964412689209,1.281412443401514,0.7803888632027768,ok,False,kept_after_adaptive_rolling_hybrid_cleaning,0,41,0.0,3.9058322760748765
"source_id=2126077874598020352, lensComponentSourceId=2126077874598020417",55,1803.5558715820316,27.57196044921875,65.41268165909963,0.015287555480625811,ok,False,kept_after_adaptive_rolling_hybrid_cleaning,13,42,0.23636363636363636,148.71116299926487
"source_id=2126077874598020352, lensComponentSourceId=2126077874598020419",17,2047.590261066896,26.9062557220459,76.10089944210198,0.01314044915803927,ok,True,less_than_20_points_after_cleaning,5,0,0.29411764705882354,34.54714682320308
"source_id=2126077874598020352, lensComponentSourceId=2126077874598020421",54,12.685690066823554,9.677340030670166,1.3108653851801315,0.7628548371979368,ok,False,kept_after_adaptive_rolling_hybrid_cleaning,0,54,0.0,3.4371740702000633
"source_id=2126077874598020352, lensComponentSourceId=2126077874598020423",56,80.03975677490234,8.946861267089844,8.946126958436338,0.11178021557775729,ok,False,kept_after_adaptive_rolling_hybrid_cleaning,0,56,0.0,3.844887211771446
"source_id=2143756097424677504, lensComponentSourceId=2143756097424677569",49,18.20529785156259,16.173303604125977,1.1256387870514117,0.8883844546788228,ok,False,kept_after_adaptive_rolling_hybrid_cleaning,0,49,0.0,2.863877297950794
"source_id=2143756097424677504, lensComponentSourceId=2143756097424677571",44,21.978562545776384,6.050291538238525,3.632645205089604,0.2752814942122413,ok,False,kept_after_adaptive_rolling_hybrid_cleaning,1,43,0.022727272727272728,4.404236509216178
"source_id=2147590992118122112, lensComponentSourceId=2147590992118122177",50,9.556663513183594,9.782023429870605,0.9769618302079662,1.023581443081691,ok,False,kept_after_adaptive_rolling_hybrid_cleaning,2,48,0.04,4.752229938578975
"source_id=2147590992118122112, lensComponentSourceId=2147590992118122179",43,33.38784942626954,6.5414814949035645,5.104019548519987,0.19592401449362984,ok,False,kept_after_adaptive_rolling_hybrid_cleaning,0,43,0.0,3.36297791413871
"source_id=2289637513490717824, lensComponentSourceId=2289637513490717889",43,5.848249435424805,6.121284484863281,0.9553957915019898,1.0466866286148144,ok,False,kept_after_adaptive_rolling_hybrid_cleaning,0,43,0.0,2.853773390491561
"source_id=2289637513490717824, lensComponentSourceId=2289637513490717891",33,42.725177001953135,5.942217588424683,7.190106448673455,0.13907999932108042,ok,False,kept_after_adaptive_rolling_hybrid_cleaning,0,33,0.0,3.997086909023485
"source_id=2293705259836999296, lensComponentSourceId=2293705259836999361",40,8.169369029998776,5.684240221977234,1.437196302579398,0.6957991738534653,ok,False,kept_after_adaptive_rolling_hybrid_cleaning,4,36,0.1,7.464261267812956
"source_id=2293705259836999296, lensComponentSourceId=2293705259836999363",35,20.190061950683578,6.015608549118042,3.356279216945337,0.2979489891517827,ok,False,kept_after_adaptive_rolling_hybrid_cleaning,0,35,0.0,3.3953228945570033
"source_id=2313973730197718656, lensComponentSourceId=2313973730197718721",36,25.03608374574901,8.083431160449981,3.0972099902630115,0.3228712302826717,ok,False,kept_after_adaptive_rolling_hybrid_cleaning,2,34,0.05555555555555555,5.85988706033301
"source_id=2313973730197718656, lensComponentSourceId=2313973730197718723",37,17.73092834472655,7.593535900115967,2.3350028995656382,0.4282649928126522,ok,False,kept_after_adaptive_rolling_hybrid_cleaning,1,36,0.02702702702702703,5.0434674669300295
"source_id=2313973730197718656, lensComponentSourceId=2313973730197718725",35,16.91433769744563,7.234476089477539,2.3380183289357106,0.42771264349121246,ok,False,kept_after_adaptive_rolling_hybrid_cleaning,2,33,0.05714285714285714,7.085678294416424
"source_id=2313973730197718656, lensComponentSourceId=2313973730197718727",23,38.61302437027902,8.199936866760254,4.708941665978314,0.21236194264730682,ok,True,less_than_20_points_after_cleaning,4,0,0.17391304347826086,6.15193891677625
"source_id=2313973730197718656, lensComponentSourceId=2313973730197718729",25,37.567910172868096,6.28115701675415,5.9810493628260994,0.16719474114614077,ok,False,kept_after_adaptive_rolling_hybrid_cleaning,0,25,0.0,2.8627845892344106
"source_id=2321356023065144320, lensComponentSourceId=2321356023065144385",34,9.948278532605627,5.314813494682312,1.8718020006834268,0.5342445406270978,ok,False,kept_after_adaptive_rolling_hybrid_cleaning,2,32,0.058823529411764705,4.618770107006734
"source_id=2321356023065144320, lensComponentSourceId=2321356023065144387",31,10.550617218017578,5.748121500015259,1.8354895974257974,0.544813765985087,ok,False,kept_after_adaptive_rolling_hybrid_cleaning,3,28,0.0967741935483871,8.69073896567133
"source_id=2342868174221011968, lensComponentSourceId=2342868174221012033",36,9.459609985351562,7.504830956459045,1.2604694283233833,0.7933552195154409,ok,False,kept_after_adaptive_rolling_hybrid_cleaning,1,35,0.027777777777777776,9.852015804259155
"source_id=2342868174221011968, lensComponentSourceId=2342868174221012035",28,69.3132764816284,5.775706728299459,12.00083032990775,0.08332756755237677,ok,False,kept_after_adaptive_rolling_hybrid_cleaning,0,28,0.0,2.3179824996997165
"source_id=2453634448777227392, lensComponentSourceId=2453634448777227457",29,119.65488281249964,60.55582618713379,1.975943362455891,0.5060873803372099,ok,False,kept_after_adaptive_rolling_hybrid_cleaning,1,28,0.034482758620689655,9.061503438517386
"source_id=2453634448777227392, lensComponentSourceId=2453634448777227459",30,5.729386647542313,5.827655792236328,0.9831374487105209,1.0171517739575437,ok,False,kept_after_adaptive_rolling_hybrid_cleaning,0,30,0.0,3.4032831621917214
"source_id=2629769477038098048, lensComponentSourceId=2629769477038098113",27,7.89864883422851,8.057068824768066,0.9803377637717875,1.0200565937117054,ok,False,kept_after_adaptive_rolling_hybrid_cleaning,3,24,0.1111111111111111,4.646783676889218
"source_id=2629769477038098048, lensComponentSourceId=2629769477038098115",31,7.812455654144287,5.965132236480713,1.3096869179807908,0.7635412603355232,ok,False,kept_after_adaptive_rolling_hybrid_cleaning,0,31,0.0,3.278515543026265
"source_id=2658594961066788480, lensComponentSourceId=2658594961066788545",38,76.97901992797853,7.846845587094625,9.810186663362238,0.10193485958169024,ok,False,kept_after_adaptive_rolling_hybrid_cleaning,0,38,0.0,3.724117762940434
"source_id=2658594961066788480, lensComponentSourceId=2658594961066788547",35,5.1053222656249915,5.95463228225708,0.8573698632638049,1.1663577679220445,ok,False,kept_after_adaptive_rolling_hybrid_cleaning,0,35,0.0,2.543889479253448
"source_id=2708930710760533120, lensComponentSourceId=2708930710760533185",34,69.57801831563313,8.19176169236501,8.49365752185908,0.11773490954002126,ok,False,kept_after_adaptive_rolling_hybrid_cleaning,0,34,0.0,3.319979540384972
"source_id=2708930710760533120, lensComponentSourceId=2708930710760533187",32,7.71726570129394,7.040003418922424,1.0962019820261935,0.9122406421411718,ok,False,kept_after_adaptive_rolling_hybrid_cleaning,0,32,0.0,3.3911764595876743
