sourceID,compA,compB,Proba
76904623545392512,76904623545392577,76904623545392581,
76904623545392512,76904623545392577,76904623545392583,
76904623545392512,76904623545392577,76904623545392585,
76904623545392512,76904623545392579,76904623545392581,
76904623545392512,76904623545392579,76904623545392583,
76904623545392512,76904623545392579,76904623545392585,
76904623545392512,76904623545392581,76904623545392583,
76904623545392512,76904623545392581,76904623545392585,
76904623545392512,76904623545392583,76904623545392585,
83871575895472768,83871575895472833,83871575895472839,
83871575895472768,83871575895472833,83871575895472841,
83871575895472768,83871575895472833,83871575895472843,
83871575895472768,83871575895472835,83871575895472839,
83871575895472768,83871575895472835,83871575895472841,
83871575895472768,83871575895472835,83871575895472843,
83871575895472768,83871575895472837,83871575895472839,
83871575895472768,83871575895472837,83871575895472841,
83871575895472768,83871575895472837,83871575895472843,
83871575895472768,83871575895472839,83871575895472841,
83871575895472768,83871575895472839,83871575895472843,
83871575895472768,83871575895472841,83871575895472843,
291933771834449792,291933771834449857,291933771834449861,
291933771834449792,291933771834449859,291933771834449861,
380075812236197760,380075812236197825,380075812236197829,
380075812236197760,380075812236197827,380075812236197829,
388369978199697536,388369978199697601,388369978199697605,
388369978199697536,388369978199697603,388369978199697605,
549718675305852672,549718675305852737,549718675305852743,
549718675305852672,549718675305852739,549718675305852743,
549718675305852672,549718675305852741,549718675305852743,
580537088584591616,580537088584591681,580537088584591689,
580537088584591616,580537088584591681,580537088584591691,
580537088584591616,580537088584591683,580537088584591689,
580537088584591616,580537088584591683,580537088584591691,
580537088584591616,580537088584591685,580537088584591689,
580537088584591616,580537088584591685,580537088584591691,
580537088584591616,580537088584591687,580537088584591689,
580537088584591616,580537088584591687,580537088584591691,
580537088584591616,580537088584591689,580537088584591691,
695593902327484544,695593902327484609,695593902327484613,
695593902327484544,695593902327484611,695593902327484613,
698878899471973120,698878899471973185,698878899471973187,
702967502179137024,702967502179137089,702967502179137091,
702967502179137024,702967502179137089,702967502179137093,
702967502179137024,702967502179137091,702967502179137093,
717587845734293376,717587845734293441,717587845734293445,
717587845734293376,717587845734293443,717587845734293445,
727779665687072768,727779665687072833,727779665687072837,
727779665687072768,727779665687072835,727779665687072837,
63971411866955904,63971411866955969,63971411866955971,0.0001323086762567982
76904623545392512,76904623545392577,76904623545392579,2.3975335352588445e-06
83871575895472768,83871575895472833,83871575895472835,1.0
83871575895472768,83871575895472833,83871575895472837,0.07352219521999359
83871575895472768,83871575895472835,83871575895472837,0.6580583453178406
114294031844958720,114294031844958785,114294031844958787,0.9999818801879883
175720825910626304,175720825910626369,175720825910626371,0.995100200176239
196343055547397888,196343055547397953,196343055547397955,0.9999772310256958
291933771834449792,291933771834449857,291933771834449859,0.00017546661547385156
318810027903595392,318810027903595457,318810027903595459,0.9848799705505371
318810027903595392,318810027903595457,318810027903595461,2.3027387214824557e-06
318810027903595392,318810027903595459,318810027903595461,0.0009131886763498187
322056271561143680,322056271561143745,322056271561143747,0.9999998807907104
337934520841357568,337934520841357633,337934520841357637,0.005113552324473858
347285940250887296,347285940250887361,347285940250887363,0.9999998807907104
350937280929196928,350937280929196993,350937280929196995,0.9248062968254089
350937280929196928,350937280929196993,350937280929196997,0.24789007008075714
350937280929196928,350937280929196993,350937280929196999,0.9997848868370056
350937280929196928,350937280929196995,350937280929196997,0.9998210072517395
350937280929196928,350937280929196995,350937280929196999,0.9999974966049194
350937280929196928,350937280929196997,350937280929196999,0.72294020652771
372057559265314688,372057559265314753,372057559265314755,0.9277300238609314
380075812236197760,380075812236197825,380075812236197827,0.0026246593333780766
388369978199697536,388369978199697601,388369978199697603,1.4420260185943334e-06
395754921063313024,395754921063313089,395754921063313093,0.996659517288208
395754921063313024,395754921063313089,395754921063313095,9.19632802833803e-05
395754921063313024,395754921063313093,395754921063313095,0.001486168708652258
549281756875772672,549281756875772737,549281756875772739,0.9405564069747925
549718675305852672,549718675305852737,549718675305852739,0.9808721542358398
549718675305852672,549718675305852737,549718675305852741,0.0005728552932851017
549718675305852672,549718675305852739,549718675305852741,5.5727188737364486e-05
580537088584591616,580537088584591681,580537088584591683,0.7871279716491699
580537088584591616,580537088584591681,580537088584591685,0.9799481630325317
580537088584591616,580537088584591681,580537088584591687,0.0021652139257639647
580537088584591616,580537088584591683,580537088584591685,0.9988449811935425
580537088584591616,580537088584591683,580537088584591687,0.9999595880508423
580537088584591616,580537088584591685,580537088584591687,6.773025961592793e-05
607381012141768704,607381012141768769,607381012141768771,0.0012288994621485472
613773504027885312,613773504027885377,613773504027885379,0.0014910463942214847
621369175165121408,621369175165121473,621369175165121475,0.038067568093538284
646884373280519936,646884373280520001,646884373280520003,7.178047235356644e-05
649514817411198976,649514817411199041,649514817411199043,3.854234762457054e-07
670520540382618496,670520540382618561,670520540382618563,0.07382427901029587
672293537240480768,672293537240480833,672293537240480835,0.9891065955162048
679072919780579200,679072919780579265,679072919780579267,0.9999991655349731
682614034417089792,682614034417089857,682614034417089859,0.6142275333404541
682614034417089792,682614034417089857,682614034417089861,0.055614881217479706
682614034417089792,682614034417089859,682614034417089861,0.9349319934844971
695593902327484544,695593902327484609,695593902327484611,0.9773458242416382
712654684950723072,712654684950723137,712654684950723139,0.3219638764858246
717587845734293376,717587845734293441,717587845734293443,0.01991250179708004
727779665687072768,727779665687072833,727779665687072835,0.999981164932251
730552393494441856,730552393494441921,730552393494441923,0.15518039464950562
797882950824323584,797882950824323649,797882950824323651,0.9999985694885254
806853178999388928,806853178999388993,806853178999388995,0.7707672119140625
807714470266431488,807714470266431553,807714470266431555,0.0021860224660485983
817452844753700736,817452844753700801,817452844753700803,0.0003844335151370615
817592276569391488,817592276569391553,817592276569391555,0.00022632839682046324
827031141513223936,827031141513224001,827031141513224003,0.9998620748519897
831109848622506112,831109848622506177,831109848622506179,0.004363656044006348
846839457666932736,846839457666932801,846839457666932803,0.10326167196035385
856425240561148160,856425240561148225,856425240561148227,0.000305067835142836
863270769888231424,863270769888231489,863270769888231491,0.0001074400934157893
871794729486078336,871794729486078401,871794729486078403,0.0009990627877414227
1016218227493362816,1016218227493362881,1016218227493362885,
1016218227493362816,1016218227493362883,1016218227493362885,
1225461582386571008,1225461582386571073,1225461582386571079,
1225461582386571008,1225461582386571075,1225461582386571079,
1225461582386571008,1225461582386571077,1225461582386571079,
1240493997986944640,1240493997986944705,1240493997986944707,
1321201213779072768,1321201213779072833,1321201213779072835,
1321567763467349760,1321567763467349825,1321567763467349829,
1321567763467349760,1321567763467349827,1321567763467349829,
1378843106568715904,1378843106568715969,1378843106568715971,
1394341513236290560,1394341513236290625,1394341513236290629,
1394341513236290560,1394341513236290627,1394341513236290629,
1489600073930470912,1489600073930470977,1489600073930470981,
1489600073930470912,1489600073930470979,1489600073930470981,
1517856839865399680,1517856839865399745,1517856839865399747,
1517856839865399680,1517856839865399745,1517856839865399749,
1517856839865399680,1517856839865399747,1517856839865399749,
1588103057214934016,1588103057214934081,1588103057214934083,
1588262039724487424,1588262039724487489,1588262039724487493,
1588262039724487424,1588262039724487491,1588262039724487493,
1661333963305005184,1661333963305005249,1661333963305005253,
1661333963305005184,1661333963305005249,1661333963305005255,
1661333963305005184,1661333963305005249,1661333963305005259,
1661333963305005184,1661333963305005251,1661333963305005253,
1661333963305005184,1661333963305005251,1661333963305005255,
921013100488801920,921013100488801985,921013100488801987,0.001918657566420734
921013100488801920,921013100488801985,921013100488801991,0.00012578026507981122
921013100488801920,921013100488801987,921013100488801991,0.621273398399353
925907232901783296,925907232901783361,925907232901783363,0.9999667406082153
960989934527118848,960989934527118913,960989934527118915,0.011794171296060085
960989934527118848,960989934527118913,960989934527118917,0.9997702240943909
960989934527118848,960989934527118915,960989934527118917,0.04347234219312668
986525370526178176,986525370526178241,986525370526178245,0.9994458556175232
994991433964700672,994991433964700737,994991433964700739,1.4743873180123046e-05
1016218227493362816,1016218227493362881,1016218227493362883,1.311847910301367e-07
1022663637669586176,1022663637669586241,1022663637669586243,0.7014338970184326
1026420252290292480,1026420252290292545,1026420252290292547,0.00043843427556566894
1032182620933181056,1032182620933181121,1032182620933181123,0.0005386192933656275
1043171896055716608,1043171896055716673,1043171896055716675,0.999045193195343
1045166002126206848,1045166002126206913,1045166002126206915,0.9890556335449219
1097468636388676608,1097468636388676673,1097468636388676675,0.9999992847442627
1097468636388676608,1097468636388676673,1097468636388676677,0.00018456602992955595
1097468636388676608,1097468636388676675,1097468636388676677,0.0003439839056227356
1103603357219723904,1103603357219723969,1103603357219723971,0.09561045467853546
1116767058322038656,1116767058322038721,1116767058322038723,0.9998927116394043
1166224568806961536,1166224568806961601,1166224568806961603,0.0012455941177904606
1183277886779443840,1183277886779443905,1183277886779443907,0.999754011631012
1185445780111141248,1185445780111141313,1185445780111141315,0.9999926090240479
1198946481527136384,1198946481527136449,1198946481527136451,0.002056629629805684
1225461582386571008,1225461582386571073,1225461582386571075,0.0026506998110562563
1225461582386571008,1225461582386571073,1225461582386571077,0.3654542565345764
1225461582386571008,1225461582386571075,1225461582386571077,0.3638377785682678
1254357435158834688,1254357435158834753,1254357435158834755,0.00025883252965286374
1254357435158834688,1254357435158834753,1254357435158834757,0.0002590841322671622
1254357435158834688,1254357435158834755,1254357435158834757,0.00025741770514287055
1273226390428957696,1273226390428957761,1273226390428957763,0.01353816594928503
1273226390428957696,1273226390428957761,1273226390428957765,1.1983217973465798e-06
1273226390428957696,1273226390428957763,1273226390428957765,1.0
1276417035731273728,1276417035731273793,1276417035731273795,0.003911037929356098
1295547782140509568,1295547782140509633,1295547782140509635,0.001503692357800901
1320920735234508544,1320920735234508609,1320920735234508611,0.046271178871393204
1321567763467349760,1321567763467349825,1321567763467349827,0.9999837875366211
1321657717261574784,1321657717261574849,1321657717261574851,0.9999992847442627
1324266274238816256,1324266274238816321,1324266274238816323,0.9999551773071289
1341082101994960768,1341082101994960833,1341082101994960835,0.9978220462799072
1356637374029266176,1356637374029266241,1356637374029266243,0.9748321175575256
1379167221982160640,1379167221982160705,1379167221982160707,0.7091361284255981
1382222631650088960,1382222631650089025,1382222631650089027,0.00019116773910354823
1386394105751734272,1386394105751734337,1386394105751734339,6.785833102185279e-05
1386394105751734272,1386394105751734337,1386394105751734341,2.0117690624488205e-08
1386394105751734272,1386394105751734339,1386394105751734341,0.9999814033508301
1394341513236290560,1394341513236290625,1394341513236290627,0.0003938861773349345
1413620762434551296,1413620762434551361,1413620762434551363,0.03579255938529968
1454504418686043904,1454504418686043969,1454504418686043971,0.9999969005584717
1464911708560136064,1464911708560136129,1464911708560136131,0.3464084565639496
1469230594530741760,1469230594530741825,1469230594530741827,0.9928404092788696
1475457506834977280,1475457506834977345,1475457506834977347,1.0
1489600073930470912,1489600073930470977,1489600073930470979,1.0
1537658249711963904,1537658249711963969,1537658249711963971,0.9999922513961792
1557058071530292736,1557058071530292801,1557058071530292803,0.07281271368265152
1563642458255314048,1563642458255314113,1563642458255314115,0.0002222418988822028
1588262039724487424,1588262039724487489,1588262039724487491,0.9909721612930298
1599341745383363328,1599341745383363393,1599341745383363397,0.9999998807907104
1618050348048027648,1618050348048027713,1618050348048027715,1.0
1618050348048027648,1618050348048027713,1618050348048027717,0.9999998807907104
1618050348048027648,1618050348048027715,1618050348048027717,0.9999995231628418
1661333963305005184,1661333963305005249,1661333963305005251,0.05665069445967674
1661333963305005184,1661333963305005249,1661333963305005257,0.9999955892562866
1661333963305005184,1661333963305005251,1661333963305005257,0.999620795249939
1661333963305005184,1661333963305005251,1661333963305005259,
1661333963305005184,1661333963305005253,1661333963305005255,
1661333963305005184,1661333963305005253,1661333963305005257,
1661333963305005184,1661333963305005253,1661333963305005259,
1661333963305005184,1661333963305005255,1661333963305005257,
1661333963305005184,1661333963305005255,1661333963305005259,
1661333963305005184,1661333963305005257,1661333963305005259,
1664316526034711296,1664316526034711361,1664316526034711365,
1664316526034711296,1664316526034711363,1664316526034711365,
1768624892058006144,1768624892058006209,1768624892058006213,
1768624892058006144,1768624892058006209,1768624892058006215,
1768624892058006144,1768624892058006211,1768624892058006213,
1768624892058006144,1768624892058006211,1768624892058006215,
1768624892058006144,1768624892058006213,1768624892058006215,
1881794948142411520,1881794948142411585,1881794948142411587,
2125520868876192512,2125520868876192577,2125520868876192579,
2125520868876192512,2125520868876192577,2125520868876192581,
2125520868876192512,2125520868876192579,2125520868876192581,
2358531232755701504,2358531232755701569,2358531232755701571,
2429242023835943040,2429242023835943105,2429242023835943109,
2429242023835943040,2429242023835943107,2429242023835943109,
2457482365812447360,2457482365812447425,2457482365812447429,
2457482365812447360,2457482365812447425,2457482365812447431,
2457482365812447360,2457482365812447427,2457482365812447429,
2457482365812447360,2457482365812447427,2457482365812447431,
2457482365812447360,2457482365812447429,2457482365812447431,
2531819311878644096,2531819311878644161,2531819311878644165,
2531819311878644096,2531819311878644163,2531819311878644165,
2642513714452133120,2642513714452133185,2642513714452133189,
2642513714452133120,2642513714452133187,2642513714452133189,
2664123889646734336,2664123889646734401,2664123889646734405,
2664123889646734336,2664123889646734401,2664123889646734407,
2664123889646734336,2664123889646734403,2664123889646734405,
2664123889646734336,2664123889646734403,2664123889646734407,
2664123889646734336,2664123889646734405,2664123889646734407,
2675034931939523072,2675034931939523137,2675034931939523141,
2675034931939523072,2675034931939523139,2675034931939523141,
2704542594215187456,2704542594215187521,2704542594215187527,
2704542594215187456,2704542594215187523,2704542594215187527,
2704542594215187456,2704542594215187525,2704542594215187527,
2704542594215187456,2704542594215187527,2704542594215187529,
1664316526034711296,1664316526034711361,1664316526034711363,0.999750554561615
1703314592858616960,1703314592858617025,1703314592858617027,0.8481987714767456
1729026466116588544,1729026466116588609,1729026466116588611,0.9999998807907104
1729026466116588544,1729026466116588609,1729026466116588613,1.0
1729026466116588544,1729026466116588609,1729026466116588615,0.9999995231628418
1729026466116588544,1729026466116588609,1729026466116588617,0.8307691216468811
1729026466116588544,1729026466116588611,1729026466116588613,0.9999563694000244
1729026466116588544,1729026466116588611,1729026466116588615,0.9709448218345642
1729026466116588544,1729026466116588611,1729026466116588617,0.39887771010398865
1729026466116588544,1729026466116588613,1729026466116588615,0.9999997615814209
1729026466116588544,1729026466116588613,1729026466116588617,0.9674438834190369
1729026466116588544,1729026466116588615,1729026466116588617,0.9999369382858276
1739098847324261632,1739098847324261697,1739098847324261699,6.671620212728158e-05
1768624892058006144,1768624892058006209,1768624892058006211,0.5788788199424744
1778133438550754688,1778133438550754753,1778133438550754755,0.999859094619751
1783913498162557696,1783913498162557761,1783913498162557763,0.9956645369529724
1798972581216203008,1798972581216203073,1798972581216203077,0.05543283745646477
1898853076476567424,1898853076476567489,1898853076476567491,0.00020562513964250684
1910735807875873664,1910735807875873729,1910735807875873731,0.7281655073165894
1915945641862093696,1915945641862093761,1915945641862093763,0.9999445676803589
2147500041891350656,2147500041891350721,2147500041891350723,0.994983434677124
2216740923364878464,2216740923364878529,2216740923364878531,0.98701012134552
2216740923364878464,2216740923364878529,2216740923364878533,0.9999549388885498
2216740923364878464,2216740923364878529,2216740923364878535,0.9999592304229736
2216740923364878464,2216740923364878531,2216740923364878533,0.9993489384651184
2216740923364878464,2216740923364878531,2216740923364878535,0.9997715353965759
2216740923364878464,2216740923364878533,2216740923364878535,0.9999998807907104
2243182047707156608,2243182047707156673,2243182047707156675,0.0010252241045236588
2243182047707156608,2243182047707156673,2243182047707156677,0.1384904980659485
2243182047707156608,2243182047707156675,2243182047707156677,0.49776673316955566
2291297711623813632,2291297711623813697,2291297711623813699,0.9997187256813049
2348420123825646336,2348420123825646401,2348420123825646403,0.004852144047617912
2355800355108946432,2355800355108946497,2355800355108946499,6.82115278323181e-05
2355800355108946432,2355800355108946497,2355800355108946501,0.00013572434545494616
2355800355108946432,2355800355108946499,2355800355108946501,0.9873226284980774
2369490546185699328,2369490546185699393,2369490546185699395,1.0
2371361983695995264,2371361983695995329,2371361983695995331,0.23754362761974335
2373803788569100160,2373803788569100225,2373803788569100227,0.9976154565811157
2384637933765634048,2384637933765634113,2384637933765634115,0.013876340351998806
2392453979675312640,2392453979675312705,2392453979675312707,0.15499204397201538
2409120480008705664,2409120480008705731,2409120480008705733,0.9999992847442627
2429242023835943040,2429242023835943105,2429242023835943107,0.9978208541870117
2457482365812447360,2457482365812447425,2457482365812447427,0.22208230197429657
2460545948804796032,2460545948804796097,2460545948804796099,1.0
2464353660650971520,2464353660650971585,2464353660650971587,0.9985363483428955
2515417110948750976,2515417110948751041,2515417110948751043,0.016275620087981224
2531819311878644096,2531819311878644161,2531819311878644163,3.26720078192011e-06
2533897461870477568,2533897461870477633,2533897461870477635,6.971789116505533e-05
2533897461870477568,2533897461870477633,2533897461870477637,0.2706899344921112
2533897461870477568,2533897461870477635,2533897461870477637,1.0
2561983348235519360,2561983348235519425,2561983348235519427,1.879925434877805e-06
2623596445097415040,2623596445097415105,2623596445097415107,1.0
2642513714452133120,2642513714452133185,2642513714452133187,0.0002378842036705464
2664123889646734336,2664123889646734401,2664123889646734403,0.0012844512239098549
2675034931939523072,2675034931939523137,2675034931939523139,0.0001290441578021273
2679576460422832128,2679576460422832193,2679576460422832195,0.002021200954914093
2686365498049009664,2686365498049009729,2686365498049009731,0.011724150739610195
2704542594215187456,2704542594215187521,2704542594215187523,0.9839078187942505
2704542594215187456,2704542594215187521,2704542594215187525,0.0001048884805641137
2704542594215187456,2704542594215187521,2704542594215187529,0.00131052709184587
2704542594215187456,2704542594215187523,2704542594215187525,0.0003509432717692107
2704542594215187456,2704542594215187523,2704542594215187529,0.17608192563056946
2704542594215187456,2704542594215187525,2704542594215187529,0.9752287864685059
2727031214774199680,2727031214774199745,2727031214774199747,3.702887624967843e-05
2805038639894474112,2805038639894474177,2805038639894474181,
2805038639894474112,2805038639894474177,2805038639894474183,
2805038639894474112,2805038639894474181,2805038639894474183,
2933340793481678208,2933340793481678273,2933340793481678275,
3080259323881652608,3080259323881652673,3080259323881652677,
3080259323881652608,3080259323881652675,3080259323881652677,
3310898517920595968,3310898517920596033,3310898517920596039,
3310898517920595968,3310898517920596035,3310898517920596039,
3310898517920595968,3310898517920596037,3310898517920596039,
3511426761399556352,3511426761399556417,3511426761399556423,
3511426761399556352,3511426761399556417,3511426761399556429,
3511426761399556352,3511426761399556417,3511426761399556431,
3511426761399556352,3511426761399556417,3511426761399556433,
3511426761399556352,3511426761399556417,3511426761399556435,
3511426761399556352,3511426761399556419,3511426761399556423,
3511426761399556352,3511426761399556419,3511426761399556429,
3511426761399556352,3511426761399556419,3511426761399556431,
3511426761399556352,3511426761399556419,3511426761399556433,
3511426761399556352,3511426761399556419,3511426761399556435,
3511426761399556352,3511426761399556421,3511426761399556423,
3511426761399556352,3511426761399556421,3511426761399556429,
3511426761399556352,3511426761399556421,3511426761399556431,
3511426761399556352,3511426761399556421,3511426761399556433,
3511426761399556352,3511426761399556421,3511426761399556435,
3511426761399556352,3511426761399556423,3511426761399556425,
3511426761399556352,3511426761399556423,3511426761399556427,
3511426761399556352,3511426761399556423,3511426761399556429,
3511426761399556352,3511426761399556423,3511426761399556431,
3511426761399556352,3511426761399556423,3511426761399556433,
3511426761399556352,3511426761399556423,3511426761399556435,
3511426761399556352,3511426761399556425,3511426761399556429,
3511426761399556352,3511426761399556425,3511426761399556431,
3511426761399556352,3511426761399556425,3511426761399556433,
3511426761399556352,3511426761399556425,3511426761399556435,
3511426761399556352,3511426761399556427,3511426761399556429,
3511426761399556352,3511426761399556427,3511426761399556431,
3511426761399556352,3511426761399556427,3511426761399556433,
3511426761399556352,3511426761399556427,3511426761399556435,
3511426761399556352,3511426761399556429,3511426761399556431,
3511426761399556352,3511426761399556429,3511426761399556433,
3511426761399556352,3511426761399556429,3511426761399556435,
3511426761399556352,3511426761399556431,3511426761399556433,
3511426761399556352,3511426761399556431,3511426761399556435,
3511426761399556352,3511426761399556433,3511426761399556435,
2743952423848257280,2743952423848257345,2743952423848257347,7.95827218098566e-05
2747816172132314624,2747816172132314689,2747816172132314691,2.753296030277852e-05
2804295954148390272,2804295954148390337,2804295954148390339,0.016887839883565903
2825128744556091264,2825128744556091329,2825128744556091331,6.945279437786667e-06
2835526791660442752,2835526791660442817,2835526791660442819,0.00010091414878843352
2842976433909914880,2842976433909914945,2842976433909914947,0.9999874830245972
2903331715240526592,2903331715240526657,2903331715240526659,0.9986085295677185
2903556569666059648,2903556569666059713,2903556569666059715,0.07028152048587799
2916884604802806656,2916884604802806721,2916884604802806723,0.9956555366516113
2916884604802806656,2916884604802806721,2916884604802806725,0.9961787462234497
2916884604802806656,2916884604802806723,2916884604802806725,0.27220818400382996
2959142032112859264,2959142032112859329,2959142032112859331,0.008495057001709938
2959785663027256832,2959785663027256897,2959785663027256899,0.9999994039535522
2964388321782713856,2964388321782713921,2964388321782713923,0.582809567451477
2966721824756464896,2966721824756464961,2966721824756464963,0.00027549071819521487
3000185396729743104,3000185396729743169,3000185396729743171,0.9999611377716064
3000185396729743104,3000185396729743169,3000185396729743173,0.8102898001670837
3000185396729743104,3000185396729743171,3000185396729743173,0.3985004425048828
3080259323881652608,3080259323881652673,3080259323881652675,3.666680277092382e-05
3092314541167221760,3092314541167221825,3092314541167221827,0.7580533623695374
3096425271547225728,3096425271547225793,3096425271547225795,0.9961954355239868
3097346657995436800,3097346657995436865,3097346657995436867,0.09000420570373535
3138952727746236800,3138952727746236865,3138952727746236867,0.9998948574066162
3164374261213706880,3164374261213706945,3164374261213706947,0.9999858140945435
3178020716638059264,3178020716638059329,3178020716638059331,0.9995724558830261
3178020716638059264,3178020716638059329,3178020716638059333,1.0
3178020716638059264,3178020716638059329,3178020716638059335,0.9999943971633911
3178020716638059264,3178020716638059331,3178020716638059333,0.9975952506065369
3178020716638059264,3178020716638059331,3178020716638059335,0.9430450201034546
3178020716638059264,3178020716638059333,3178020716638059335,0.9999735355377197
3185808420059318016,3185808420059318081,3185808420059318083,0.8655235767364502
3187010529866092672,3187010529866092737,3187010529866092739,0.7698090672492981
3261414236903292160,3261414236903292225,3261414236903292227,0.7095872759819031
3310898517920595968,3310898517920596033,3310898517920596035,0.0001721483567962423
3310898517920595968,3310898517920596033,3310898517920596037,0.9811577200889587
3310898517920595968,3310898517920596035,3310898517920596037,0.9999985694885254
3361094865862486656,3361094865862486721,3361094865862486723,0.9996974468231201
3361094865862486656,3361094865862486721,3361094865862486725,0.9998875856399536
3361094865862486656,3361094865862486721,3361094865862486727,0.07429954409599304
3361094865862486656,3361094865862486723,3361094865862486725,0.0022530462592840195
3361094865862486656,3361094865862486723,3361094865862486727,0.9911114573478699
3361094865862486656,3361094865862486725,3361094865862486727,0.9918057918548584
3385786697275132288,3385786697275132353,3385786697275132355,0.9999701976776123
3488423118425915008,3488423118425915073,3488423118425915075,0.9997022747993469
3511426761399556352,3511426761399556417,3511426761399556419,1.0
3511426761399556352,3511426761399556417,3511426761399556421,1.0
3511426761399556352,3511426761399556417,3511426761399556425,0.9709965586662292
3511426761399556352,3511426761399556417,3511426761399556427,0.035502754151821136
3511426761399556352,3511426761399556419,3511426761399556421,1.0
3511426761399556352,3511426761399556419,3511426761399556425,0.003263204824179411
3511426761399556352,3511426761399556419,3511426761399556427,0.10409613698720932
3511426761399556352,3511426761399556421,3511426761399556425,5.773131852038205e-05
3511426761399556352,3511426761399556421,3511426761399556427,0.9999974966049194
3511426761399556352,3511426761399556425,3511426761399556427,1.0
3518633402989658112,3518633402989658177,3518633402989658179,0.008118036203086376
3541826024524572544,3541826024524572609,3541826024524572611,1.0
3541826024524572544,3541826024524572609,3541826024524572613,1.0
3541826024524572544,3541826024524572609,3541826024524572615,0.9978249073028564
3541826024524572544,3541826024524572611,3541826024524572613,1.0
3541826024524572544,3541826024524572611,3541826024524572615,0.999729573726654
3541826024524572544,3541826024524572613,3541826024524572615,0.9996905326843262
3552950883176150016,3552950883176150081,3552950883176150083,0.9999991655349731
3585320123243965184,3585320123243965249,3585320123243965251,0.0002676121366675943
3586098513053631232,3586098513053631297,3586098513053631299,1.0
3661273699296342016,3661273699296342081,3661273699296342083,
3729511589940494848,3729511589940494913,3729511589940494915,
3729511589940494848,3729511589940494913,3729511589940494917,
3729511589940494848,3729511589940494913,3729511589940494919,
3729511589940494848,3729511589940494913,3729511589940494921,
3729511589940494848,3729511589940494915,3729511589940494917,
3729511589940494848,3729511589940494915,3729511589940494919,
3729511589940494848,3729511589940494915,3729511589940494921,
3729511589940494848,3729511589940494917,3729511589940494919,
3729511589940494848,3729511589940494917,3729511589940494921,
3729511589940494848,3729511589940494919,3729511589940494921,
3733516084302177408,3733516084302177473,3733516084302177481,
3733516084302177408,3733516084302177477,3733516084302177481,
3733516084302177408,3733516084302177479,3733516084302177481,
3800591481917387392,3800591481917387457,3800591481917387459,
3800591481917387392,3800591481917387459,3800591481917387461,
3800591481917387392,3800591481917387459,3800591481917387463,
3842934499335828608,3842934499335828673,3842934499335828677,
3842934499335828608,3842934499335828675,3842934499335828677,
3862931828412982912,3862931828412982977,3862931828412982981,
3862931828412982912,3862931828412982979,3862931828412982981,
3938214363067948800,3938214363067948865,3938214363067948867,
3975233510826944640,3975233510826944705,3975233510826944707,
3985692782689406592,3985692782689406657,3985692782689406659,
3985692782689406592,3985692782689406657,3985692782689406661,
3985692782689406592,3985692782689406659,3985692782689406661,
4010648879140787584,4010648879140787649,4010648879140787653,
4010648879140787584,4010648879140787651,4010648879140787653,
4356573654059014400,4356573654059014465,4356573654059014467,
4356573654059014400,4356573654059014465,4356573654059014469,
4356573654059014400,4356573654059014467,4356573654059014469,
3586098513053631232,3586098513053631297,3586098513053631301,1.0
3586098513053631232,3586098513053631297,3586098513053631303,0.00398282241076231
3586098513053631232,3586098513053631297,3586098513053631305,5.999900167807937e-06
3586098513053631232,3586098513053631299,3586098513053631301,1.0
3586098513053631232,3586098513053631299,3586098513053631303,0.0015378542011603713
3586098513053631232,3586098513053631299,3586098513053631305,1.0118434147443622e-05
3586098513053631232,3586098513053631301,3586098513053631303,0.9204573035240173
3586098513053631232,3586098513053631301,3586098513053631305,0.0015165883814916015
3586098513053631232,3586098513053631303,3586098513053631305,9.664020763011649e-05
3638526594718696064,3638526594718696129,3638526594718696131,0.005153495352715254
3650888227855959680,3650888227855959745,3650888227855959747,0.045619845390319824
3681691771958753664,3681691771958753729,3681691771958753731,0.9999927282333374
3696663890512658048,3696663890512658113,3696663890512658115,0.9916695356369019
3699313438657548672,3699313438657548737,3699313438657548739,0.014238773845136166
3711531005707407104,3711531005707407169,3711531005707407171,0.9783127307891846
3712919517096119168,3712919517096119233,3712919517096119235,0.9457578063011169
3723950157046484096,3723950157046484161,3723950157046484163,0.004090868402272463
3727266494569190016,3727266494569190081,3727266494569190083,0.9989307522773743
3728132222538228864,3728132222538228929,3728132222538228931,0.9748975038528442
3733119018870073216,3733119018870073281,3733119018870073283,0.9926089644432068
3733516084302177408,3733516084302177473,3733516084302177477,1.0
3733516084302177408,3733516084302177473,3733516084302177479,0.06666624546051025
3733516084302177408,3733516084302177477,3733516084302177479,1.0
3737379218406720128,3737379218406720193,3737379218406720195,0.025083601474761963
3740575391333625728,3740575391333625793,3740575391333625795,1.0
3746665350016537088,3746665350016537153,3746665350016537155,0.7325519919395447
3746665350016537088,3746665350016537153,3746665350016537157,0.0002481917617842555
3746665350016537088,3746665350016537155,3746665350016537157,1.801823054847773e-05
3783971985706909184,3783971985706909249,3783971985706909251,0.0010268051410093904
3800591481917387392,3800591481917387457,3800591481917387461,4.4058066350771696e-07
3800591481917387392,3800591481917387457,3800591481917387463,0.6218146681785583
3800591481917387392,3800591481917387461,3800591481917387463,1.0
3806936797880396416,3806936797880396481,3806936797880396483,0.35970738530158997
3817878828362669568,3817878828362669633,3817878828362669635,0.6043974161148071
3817878828362669568,3817878828362669633,3817878828362669637,0.7869046330451965
3817878828362669568,3817878828362669633,3817878828362669639,0.9856853485107422
3817878828362669568,3817878828362669635,3817878828362669637,0.6500717401504517
3817878828362669568,3817878828362669635,3817878828362669639,0.4677492678165436
3817878828362669568,3817878828362669637,3817878828362669639,0.9999862909317017
3828696197422634112,3828696197422634177,3828696197422634181,0.058718666434288025
3832692033126977664,3832692033126977729,3832692033126977731,0.32555800676345825
3834882054131088512,3834882054131088577,3834882054131088579,0.9972508549690247
3842934499335828608,3842934499335828673,3842934499335828675,0.9961130619049072
3844748070752040576,3844748070752040641,3844748070752040643,0.9999990463256836
3851608129957910400,3851608129957910465,3851608129957910467,0.30028998851776123
3862931828412982912,3862931828412982977,3862931828412982979,0.8905222415924072
3874291746326640128,3874291746326640193,3874291746326640195,0.4942881762981415
3874291746326640128,3874291746326640193,3874291746326640197,0.9998002648353577
3874291746326640128,3874291746326640195,3874291746326640197,0.9999996423721313
3876832198007366912,3876832198007366977,3876832198007366979,0.17353183031082153
3898742441091558016,3898742441091558081,3898742441091558083,1.3295682947500609e-05
3906330450007849728,3906330450007849793,3906330450007849795,0.23736757040023804
3937637737940083328,3937637737940083393,3937637737940083395,0.9923633337020874
3941492793209513088,3941492793209513153,3941492793209513155,0.9999991655349731
3956501195648081920,3956501195648081985,3956501195648081987,2.2888709736434976e-06
3977375153318276864,3977375153318276929,3977375153318276931,0.024601494893431664
3992914344995211136,3992914344995211201,3992914344995211203,1.0
4010648879140787584,4010648879140787649,4010648879140787651,0.932886004447937
4029169843273586176,4029169843273586241,4029169843273586243,0.9999995231628418
4034893900807493248,4034893900807493313,4034893900807493315,0.021459193900227547
4249707995789272192,4249707995789272257,4249707995789272259,0.9977627992630005
4358554188033274496,4358554188033274561,4358554188033274563,0.005784509237855673
4377576215935403904,4377576215935403969,4377576215935403971,0.999455988407135
4377576215935403904,4377576215935403969,4377576215935403973,0.631716787815094
4383409984113760640,4383409984113760705,4383409984113760709,
4383409984113760640,4383409984113760707,4383409984113760709,
4401203866117526400,4401203866117526465,4401203866117526471,
4401203866117526400,4401203866117526469,4401203866117526471,
4420925527012941696,4420925527012941761,4420925527012941763,
4447068718065707520,4447068718065707585,4447068718065707589,
4447068718065707520,4447068718065707587,4447068718065707589,
4563464397667173376,4563464397667173441,4563464397667173449,
4563464397667173376,4563464397667173443,4563464397667173449,
4563464397667173376,4563464397667173445,4563464397667173449,
4598922337697114496,4598922337697114561,4598922337697114565,
4598922337697114496,4598922337697114563,4598922337697114565,
4672765852152430848,4672765852152430913,4672765852152430915,
4683151559814721920,4683151559814721985,4683151559814721989,
4683151559814721920,4683151559814721987,4683151559814721989,
4721027124050409088,4721027124050409153,4721027124050409157,
4721027124050409088,4721027124050409155,4721027124050409157,
4778637895508914048,4778637895508914113,4778637895508914117,
4778637895508914048,4778637895508914115,4778637895508914117,
4834883855209175296,4834883855209175361,4834883855209175365,
4834883855209175296,4834883855209175363,4834883855209175365,
4845606606136183424,4845606606136183491,4845606606136183495,
4845606606136183424,4845606606136183493,4845606606136183495,
4847636854356849024,4847636854356849089,4847636854356849095,
4847636854356849024,4847636854356849089,4847636854356849097,
4847636854356849024,4847636854356849091,4847636854356849095,
4847636854356849024,4847636854356849091,4847636854356849097,
4847636854356849024,4847636854356849093,4847636854356849095,
4847636854356849024,4847636854356849093,4847636854356849097,
4847636854356849024,4847636854356849095,4847636854356849097,
4855076046954467584,4855076046954467649,4855076046954467651,
4855076046954467584,4855076046954467649,4855076046954467653,
4855076046954467584,4855076046954467651,4855076046954467653,
4883180423151513088,4883180423151513153,4883180423151513159,
4883180423151513088,4883180423151513155,4883180423151513159,
4883180423151513088,4883180423151513157,4883180423151513159,
4894145268500809728,4894145268500809793,4894145268500809797,
4894145268500809728,4894145268500809795,4894145268500809797,
5075630859644356480,5075630859644356547,5075630859644356551,
5075630859644356480,5075630859644356547,5075630859644356553,
5075630859644356480,5075630859644356549,5075630859644356551,
5075630859644356480,5075630859644356549,5075630859644356553,
5075630859644356480,5075630859644356551,5075630859644356553,
5077935264216200832,5077935264216200897,5077935264216200901,
5077935264216200832,5077935264216200899,5077935264216200901,
4377576215935403904,4377576215935403971,4377576215935403973,0.0006045246846042573
4383409984113760640,4383409984113760705,4383409984113760707,0.5783532857894897
4401203866117526400,4401203866117526465,4401203866117526469,0.9999020099639893
4423331297112729472,4423331297112729537,4423331297112729539,0.978450357913971
4447068718065707520,4447068718065707585,4447068718065707587,0.9997991919517517
4460056527371093120,4460056527371093185,4460056527371093187,0.25210511684417725
4464350292074707200,4464350292074707265,4464350292074707267,0.9996140599250793
4468051389956021504,4468051389956021569,4468051389956021571,0.07358482480049133
4549042339867831424,4549042339867831489,4549042339867831491,4.1325703932670876e-05
4549042339867831424,4549042339867831489,4549042339867831493,0.001925618969835341
4549042339867831424,4549042339867831491,4549042339867831493,0.02386806160211563
4563464397667173376,4563464397667173441,4563464397667173443,0.024428293108940125
4563464397667173376,4563464397667173441,4563464397667173445,0.6654642224311829
4563464397667173376,4563464397667173443,4563464397667173445,0.9990522265434265
4586221642663205120,4586221642663205187,4586221642663205189,0.9888589382171631
4586221642663205120,4586221642663205187,4586221642663205191,0.001767209847457707
4586221642663205120,4586221642663205189,4586221642663205191,0.00021707118139602244
4598922337697114496,4598922337697114561,4598922337697114563,0.00014405202819034457
4624301922220808832,4624301922220808897,4624301922220808899,0.9999997615814209
4624301922220808832,4624301922220808897,4624301922220808901,0.9999995231628418
4624301922220808832,4624301922220808899,4624301922220808901,0.9999995231628418
4643616493228910080,4643616493228910145,4643616493228910147,0.9958261847496033
4674636224510336256,4674636224510336321,4674636224510336325,0.9980050921440125
4683151559814721920,4683151559814721985,4683151559814721987,0.00023922615218907595
4721027124050409088,4721027124050409153,4721027124050409155,0.5062272548675537
4770993403477832064,4770993403477832129,4770993403477832131,0.9803080558776855
4778637895508914048,4778637895508914113,4778637895508914115,0.6503586173057556
4779903605191703296,4779903605191703361,4779903605191703363,0.9999998807907104
4779903605191703296,4779903605191703361,4779903605191703365,0.0038847699761390686
4779903605191703296,4779903605191703363,4779903605191703365,0.988921046257019
4807486087029366784,4807486087029366849,4807486087029366851,0.8610818982124329
4813484717527554560,4813484717527554625,4813484717527554627,0.9999997615814209
4821279499057524864,4821279499057524931,4821279499057524933,0.999832034111023
4826116113268202112,4826116113268202177,4826116113268202179,0.028780369088053703
4830236636170244480,4830236636170244545,4830236636170244547,0.925281822681427
4834883855209175296,4834883855209175361,4834883855209175363,1.5071906091179699e-05
4842045799074927232,4842045799074927297,4842045799074927299,0.0010302626760676503
4845606606136183424,4845606606136183491,4845606606136183493,0.6448598504066467
4847636854356849024,4847636854356849089,4847636854356849091,0.053355392068624496
4847636854356849024,4847636854356849089,4847636854356849093,0.9387069344520569
4847636854356849024,4847636854356849091,4847636854356849093,0.0351661778986454
4877987734675447936,4877987734675448001,4877987734675448003,0.01807665452361107
4883180423151513088,4883180423151513153,4883180423151513155,0.008264606818556786
4883180423151513088,4883180423151513153,4883180423151513157,0.0007021579658612609
4883180423151513088,4883180423151513155,4883180423151513157,0.05298542231321335
4894145268500809728,4894145268500809793,4894145268500809795,0.05074206739664078
4915503625466318464,4915503625466318529,4915503625466318531,0.0006000852445140481
4954121596274054400,4954121596274054465,4954121596274054467,0.9998049139976501
4955044292688756224,4955044292688756289,4955044292688756291,9.921572200255468e-05
4956574748452174592,4956574748452174657,4956574748452174659,0.9999991655349731
4956634220861679360,4956634220861679425,4956634220861679427,0.16278992593288422
4960819894125714944,4960819894125715009,4960819894125715011,0.00189228355884552
4964421000865877248,4964421000865877313,4964421000865877315,0.9987530708312988
4971233295737205760,4971233295737205825,4971233295737205827,0.012218308635056019
4999447421238071936,4999447421238072001,4999447421238072003,0.998173713684082
5024429528010102144,5024429528010102209,5024429528010102211,0.9999998807907104
5026013408869280128,5026013408869280193,5026013408869280195,0.0011378265917301178
5026013408869280128,5026013408869280193,5026013408869280197,1.7175916582345963e-06
5026013408869280128,5026013408869280195,5026013408869280197,5.594026788457995e-07
5075630859644356480,5075630859644356547,5075630859644356549,0.919439971446991
5077935264216200832,5077935264216200897,5077935264216200899,0.0018361702095717192
5082980996090316800,5082980996090316865,5082980996090316867,0.0019055261509492993
5085135764002995584,5085135764002995649,5085135764002995651,0.9999208450317383
5085135764002995584,5085135764002995649,5085135764002995653,0.45458391308784485
5085135764002995584,5085135764002995649,5085135764002995655,
5085135764002995584,5085135764002995649,5085135764002995657,
5085135764002995584,5085135764002995649,5085135764002995659,
5085135764002995584,5085135764002995651,5085135764002995655,
5085135764002995584,5085135764002995651,5085135764002995657,
5085135764002995584,5085135764002995651,5085135764002995659,
5085135764002995584,5085135764002995653,5085135764002995655,
5085135764002995584,5085135764002995653,5085135764002995657,
5085135764002995584,5085135764002995653,5085135764002995659,
5085135764002995584,5085135764002995655,5085135764002995657,
5085135764002995584,5085135764002995655,5085135764002995659,
5085135764002995584,5085135764002995657,5085135764002995659,
5087747928752251776,5087747928752251841,5087747928752251849,
5087747928752251776,5087747928752251843,5087747928752251849,
5087747928752251776,5087747928752251845,5087747928752251849,
5087747928752251776,5087747928752251847,5087747928752251849,
5124658637176714112,5124658637176714177,5124658637176714183,
5124658637176714112,5124658637176714177,5124658637176714185,
5124658637176714112,5124658637176714177,5124658637176714187,
5124658637176714112,5124658637176714179,5124658637176714183,
5124658637176714112,5124658637176714179,5124658637176714185,
5124658637176714112,5124658637176714179,5124658637176714187,
5124658637176714112,5124658637176714181,5124658637176714183,
5124658637176714112,5124658637176714181,5124658637176714185,
5124658637176714112,5124658637176714181,5124658637176714187,
5124658637176714112,5124658637176714183,5124658637176714185,
5124658637176714112,5124658637176714183,5124658637176714187,
5124658637176714112,5124658637176714185,5124658637176714187,
5585883698943303296,5585883698943303361,5585883698943303373,
5585883698943303296,5585883698943303363,5585883698943303373,
5585883698943303296,5585883698943303367,5585883698943303373,
5585883698943303296,5585883698943303369,5585883698943303373,
5641500188236488704,5641500188236488769,5641500188236488775,
5641500188236488704,5641500188236488771,5641500188236488775,
5641500188236488704,5641500188236488773,5641500188236488775,
5691734916002651136,5691734916002651201,5691734916002651205,
5691734916002651136,5691734916002651201,5691734916002651207,
5691734916002651136,5691734916002651203,5691734916002651205,
5691734916002651136,5691734916002651203,5691734916002651207,
5691734916002651136,5691734916002651205,5691734916002651207,
5085135764002995584,5085135764002995651,5085135764002995653,0.1202780082821846
5087747928752251776,5087747928752251841,5087747928752251843,0.01899648830294609
5087747928752251776,5087747928752251841,5087747928752251845,0.007274659350514412
5087747928752251776,5087747928752251841,5087747928752251847,5.129099463374587e-06
5087747928752251776,5087747928752251843,5087747928752251845,0.0026617252733558416
5087747928752251776,5087747928752251843,5087747928752251847,0.9989227652549744
5087747928752251776,5087747928752251845,5087747928752251847,1.5007930187493912e-06
5098921578230761472,5098921578230761537,5098921578230761539,0.21748659014701843
5119104866505106688,5119104866505106753,5119104866505106755,0.9940539002418518
5119104866505106688,5119104866505106753,5119104866505106757,0.9836703538894653
5119104866505106688,5119104866505106755,5119104866505106757,0.00026863827952183783
5119328548401927936,5119328548401928001,5119328548401928003,0.0017543095164000988
5124658637176714112,5124658637176714177,5124658637176714179,0.9325056076049805
5124658637176714112,5124658637176714177,5124658637176714181,0.0027685367967933416
5124658637176714112,5124658637176714179,5124658637176714181,0.9996410608291626
5126705515511054080,5126705515511054145,5126705515511054147,0.9981046915054321
5126705515511054080,5126705515511054145,5126705515511054149,0.8073713779449463
5126705515511054080,5126705515511054147,5126705515511054149,0.9999986886978149
5129319295169295360,5129319295169295425,5129319295169295427,0.9999868869781494
5148785186464567168,5148785186464567233,5148785186464567235,0.0060468376614153385
5153686358329651840,5153686358329651905,5153686358329651907,0.0004660910344682634
5153828508862119040,5153828508862119105,5153828508862119107,0.9724805951118469
5153828508862119040,5153828508862119105,5153828508862119109,0.5791518092155457
5153828508862119040,5153828508862119105,5153828508862119111,6.739639502484351e-06
5153828508862119040,5153828508862119107,5153828508862119109,0.030110416933894157
5153828508862119040,5153828508862119107,5153828508862119111,4.4722924030793365e-06
5153828508862119040,5153828508862119109,5153828508862119111,0.00025497408933006227
5174409201871203584,5174409201871203649,5174409201871203651,0.9999921321868896
5174520832365481344,5174520832365481409,5174520832365481411,0.9438793659210205
5174520832365481344,5174520832365481409,5174520832365481413,0.9244824647903442
5174520832365481344,5174520832365481411,5174520832365481413,0.14988663792610168
5184007624848901888,5184007624848901953,5184007624848901955,0.012529081664979458
5261791097486778624,5261791097486778689,5261791097486778691,0.9679611921310425
5375888625987708032,5375888625987708097,5375888625987708099,0.00111733702942729
5375888625987708032,5375888625987708097,5375888625987708101,0.778718888759613
5375888625987708032,5375888625987708097,5375888625987708103,0.9974554181098938
5375888625987708032,5375888625987708099,5375888625987708101,0.9984614849090576
5375888625987708032,5375888625987708099,5375888625987708103,0.679074227809906
5375888625987708032,5375888625987708101,5375888625987708103,0.9999924898147583
5475292998353108864,5475292998353108929,5475292998353108931,2.4521096975149703e-07
5571267199383508096,5571267199383508161,5571267199383508163,0.9999997615814209
5585883698943303296,5585883698943303361,5585883698943303363,0.9819080233573914
5585883698943303296,5585883698943303361,5585883698943303367,8.120355050778016e-05
5585883698943303296,5585883698943303361,5585883698943303369,1.1345395250828005e-05
5585883698943303296,5585883698943303363,5585883698943303367,0.004802577197551727
5585883698943303296,5585883698943303363,5585883698943303369,2.5680898033897392e-05
5585883698943303296,5585883698943303367,5585883698943303369,0.0015384935541078448
5641500188236488704,5641500188236488769,5641500188236488771,0.0005638607544824481
5641500188236488704,5641500188236488769,5641500188236488773,0.0004817785229533911
5641500188236488704,5641500188236488771,5641500188236488773,0.8806113004684448
5643847512428416384,5643847512428416449,5643847512428416451,0.9999797344207764
5666444778469974656,5666444778469974721,5666444778469974723,0.0004911482683382928
5666444778469974656,5666444778469974721,5666444778469974725,0.9409455060958862
5666444778469974656,5666444778469974723,5666444778469974725,0.1754448413848877
5668105247186154624,5668105247186154689,5668105247186154691,0.000490250182338059
5672017928032611840,5672017928032611905,5672017928032611907,0.022231189534068108
5687124801186026880,5687124801186026945,5687124801186026947,0.9997879862785339
5691734916002651136,5691734916002651201,5691734916002651203,3.25555847666692e-05
5694395291770945280,5694395291770945345,5694395291770945347,0.48986321687698364
5694395291770945280,5694395291770945345,5694395291770945349,0.0004563637776300311
5694395291770945280,5694395291770945345,5694395291770945351,0.034098971635103226
5694395291770945280,5694395291770945347,5694395291770945349,0.01049173902720213
5694395291770945280,5694395291770945347,5694395291770945351,0.00018726081179920584
5694395291770945280,5694395291770945349,5694395291770945351,0.005671478342264891
6209097506725007104,6209097506725007169,6209097506725007175,
6209097506725007104,6209097506725007171,6209097506725007175,
6209097506725007104,6209097506725007173,6209097506725007175,
6395090511426766080,6395090511426766145,6395090511426766149,
6395090511426766080,6395090511426766147,6395090511426766149,
6411021202258686592,6411021202258686657,6411021202258686659,
6412034913323287296,6412034913323287361,6412034913323287363,
6484621514187585664,6484621514187585729,6484621514187585737,
6484621514187585664,6484621514187585729,6484621514187585739,
6484621514187585664,6484621514187585731,6484621514187585737,
6484621514187585664,6484621514187585731,6484621514187585739,
6484621514187585664,6484621514187585733,6484621514187585737,
6484621514187585664,6484621514187585733,6484621514187585739,
6484621514187585664,6484621514187585735,6484621514187585737,
6484621514187585664,6484621514187585735,6484621514187585739,
6484621514187585664,6484621514187585737,6484621514187585739,
6530763065108738176,6530763065108738241,6530763065108738245,
6530763065108738176,6530763065108738243,6530763065108738245,
6599991856246460288,6599991856246460353,6599991856246460359,
6599991856246460288,6599991856246460355,6599991856246460359,
6599991856246460288,6599991856246460357,6599991856246460359,
6681326549578891776,6681326549578891841,6681326549578891851,
6681326549578891776,6681326549578891843,6681326549578891851,
6681326549578891776,6681326549578891845,6681326549578891851,
6681326549578891776,6681326549578891847,6681326549578891851,
6681326549578891776,6681326549578891849,6681326549578891851,
6040970427810922496,6040970427810922561,6040970427810922563,0.0015130068641155958
6157733885457412096,6157733885457412161,6157733885457412163,0.901147186756134
6159550763996866944,6159550763996867009,6159550763996867011,0.984444260597229
6188399539633943296,6188399539633943361,6188399539633943363,0.1328747570514679
6209097506725007104,6209097506725007169,6209097506725007171,0.9999996423721313
6209097506725007104,6209097506725007169,6209097506725007173,0.9925710558891296
6209097506725007104,6209097506725007171,6209097506725007173,0.9932072758674622
6242307087212539776,6242307087212539841,6242307087212539843,0.999987006187439
6242307087212539776,6242307087212539841,6242307087212539845,0.2066153883934021
6242307087212539776,6242307087212539841,6242307087212539847,0.9980416297912598
6242307087212539776,6242307087212539843,6242307087212539845,0.21453042328357697
6242307087212539776,6242307087212539843,6242307087212539847,0.9999911785125732
6242307087212539776,6242307087212539845,6242307087212539847,0.9999998807907104
6263999077242600832,6263999077242600897,6263999077242600899,0.9999691247940063
6266132198513062528,6266132198513062593,6266132198513062595,0.999295711517334
6266132198513062528,6266132198513062593,6266132198513062597,0.00027035773382522166
6266132198513062528,6266132198513062595,6266132198513062597,0.00040275888750329614
6266163981271389696,6266163981271389761,6266163981271389763,0.0012348437448963523
6274540816767050880,6274540816767050945,6274540816767050947,0.9994841814041138
6274540816767050880,6274540816767050945,6274540816767050949,0.9999986886978149
6274540816767050880,6274540816767050947,6274540816767050949,0.9974445104598999
6287286424274418176,6287286424274418241,6287286424274418243,0.007875078357756138
6322979148692488960,6322979148692489025,6322979148692489027,0.0006375359953381121
6395090511426766080,6395090511426766145,6395090511426766147,0.9366677403450012
6484621514187585664,6484621514187585729,6484621514187585731,0.20918896794319153
6484621514187585664,6484621514187585729,6484621514187585733,0.9745349884033203
6484621514187585664,6484621514187585729,6484621514187585735,0.00021277858468238264
6484621514187585664,6484621514187585731,6484621514187585733,0.9999959468841553
6484621514187585664,6484621514187585731,6484621514187585735,0.9988018274307251
6484621514187585664,6484621514187585733,6484621514187585735,0.0063097914680838585
6501210979989061120,6501210979989061185,6501210979989061187,0.0006040135631337762
6511169561743297280,6511169561743297345,6511169561743297347,0.8940893411636353
6515130586742238464,6515130586742238529,6515130586742238531,0.001768419868312776
6521792463269705088,6521792463269705153,6521792463269705155,0.006476268172264099
6530763065108738176,6530763065108738241,6530763065108738243,5.539914855035022e-05
6530870885967223936,6530870885967224001,6530870885967224003,0.0020479222293943167
6564118781857227136,6564118781857227201,6564118781857227203,0.28863659501075745
6571297111022201728,6571297111022201793,6571297111022201795,1.0
6574990099996993280,6574990099996993345,6574990099996993347,1.2689644790953025e-05
6578083228069136128,6578083228069136193,6578083228069136195,0.003133398247882724
6599991856246460288,6599991856246460353,6599991856246460355,0.2538532614707947
6599991856246460288,6599991856246460353,6599991856246460357,0.1274690181016922
6599991856246460288,6599991856246460355,6599991856246460357,0.9999860525131226
6605186571945821056,6605186571945821121,6605186571945821123,0.10136484354734421
6619041414888454400,6619041414888454465,6619041414888454467,0.00043697457294911146
6674418764698005376,6674418764698005441,6674418764698005443,0.9988658428192139
6674418764698005376,6674418764698005441,6674418764698005445,0.9794267416000366
6674418764698005376,6674418764698005441,6674418764698005447,0.9998012185096741
6674418764698005376,6674418764698005443,6674418764698005445,0.0008029278833419085
6674418764698005376,6674418764698005443,6674418764698005447,0.006775178015232086
6674418764698005376,6674418764698005445,6674418764698005447,0.9739012718200684
6675746940387128192,6675746940387128257,6675746940387128259,0.03051416203379631
6680426255713853824,6680426255713853891,6680426255713853893,0.9999767541885376
6681326549578891776,6681326549578891841,6681326549578891843,0.018501687794923782
6681326549578891776,6681326549578891841,6681326549578891845,0.9768681526184082
6681326549578891776,6681326549578891841,6681326549578891847,0.21680951118469238
6681326549578891776,6681326549578891841,6681326549578891849,0.0001318384165642783
6681326549578891776,6681326549578891843,6681326549578891845,0.054354459047317505
6681326549578891776,6681326549578891843,6681326549578891847,0.0007815411081537604
6681326549578891776,6681326549578891843,6681326549578891849,0.004461171571165323
6681326549578891776,6681326549578891845,6681326549578891847,0.6353782415390015
6681326549578891776,6681326549578891845,6681326549578891849,4.1587180021451786e-05
6681326549578891776,6681326549578891847,6681326549578891849,0.0024168819654732943
6733997962623251840,6733997962623251905,6733997962623251907,0.34767189621925354
6752010028962613888,6752010028962613953,6752010028962613955,
6775750615307601664,6775750615307601729,6775750615307601733,
6775750615307601664,6775750615307601731,6775750615307601733,
6884039075985949056,6884039075985949121,6884039075985949127,
6884039075985949056,6884039075985949123,6884039075985949127,
6884039075985949056,6884039075985949125,6884039075985949127,
6775750615307601664,6775750615307601729,6775750615307601731,0.9999837875366211
6810217556059370240,6810217556059370305,6810217556059370307,0.9999943971633911
6835936404343298176,6835936404343298241,6835936404343298243,0.9938849806785583
6843364189503761792,6843364189503761857,6843364189503761859,0.7100697755813599
6884039075985949056,6884039075985949121,6884039075985949123,0.9999803304672241
6884039075985949056,6884039075985949121,6884039075985949125,0.020496871322393417
6884039075985949056,6884039075985949123,6884039075985949125,1.0
6896655868835640192,6896655868835640257,6896655868835640259,0.0033201926853507757
6896655868835640192,6896655868835640257,6896655868835640261,0.0021102509927004576
6896655868835640192,6896655868835640259,6896655868835640261,0.9997395873069763
6897592820245635328,6897592820245635393,6897592820245635395,0.9999030828475952
6914637621299597824,6914637621299597889,6914637621299597891,0.0038240528665483
